"Id_NIVEL_1";"Id_NIVEL_0";"ID_ENTIDAD_NIVEL_0";"ID_ENTIDAD_NIVEL_1";"Jerarquia";"NIF_COD_NIVEL_0";"ACRONIMO_NIVEL_0";"NOMBRE_ENTIDAD_NIVEL_0";"Nombre_Entidad_Mostrar_NIVEL_0";"TIPO_ENTIDAD_N1_1_NIVEL_0";"TIPO_ENTIDAD_N2_1_NIVEL_0";"DIRECCION_POSTAL_NIVEL_0";"COD_POSTAL_NIVEL_0";"COD_PROVINCIA_NIVEL_0";"PROVINCIA_NIVEL_0";"COD_CCAA_NIVEL_0";"CCAA_NIVEL_0";"ENLACE_WEB_NIVEL_0";"SOMMA_NIVEL_0";"TIPO_ENTIDAD_REGIONAL_NIVEL_0";"ESTADO_x_NIVEL_0";"NIF_COD_NIVEL_1";"ACRONIMO_NIVEL_1";"NOMBRE_ENTIDAD_NIVEL_1";"Nombre_Entidad_Mostrar_NIVEL_1";"TIPO_ENTIDAD_N1_1_NIVEL_1";"TIPO_ENTIDAD_N2_1_NIVEL_1";"DIRECCION_POSTAL_NIVEL_1";"COD_POSTAL_NIVEL_1";"COD_PROVINCIA_NIVEL_1";"PROVINCIA_NIVEL_1";"COD_CCAA_NIVEL_1";"CCAA_NIVEL_1";"ENLACE_WEB_NIVEL_1";"SOMMA_NIVEL_1";"TIPO_ENTIDAD_REGIONAL_NIVEL_1";"ESTADO_x_NIVEL_1"
"2014";"157";"157";"2065";"Nodos_ciber";"None";"INB ISCIII";"INSTITUTO NACIONAL DE BIOINFORMATICA INB";"Instituto Nacional de Bioinformática";"Organismo público de I+D Estatal";"Centro de investigación en red";"Carrer Jordi Girona, 29, Barcelona";"08034";"8.0";"Barcelona";"9.0";"Cataluña";"http://www.inb-elixir.es";"None";"None";"ACTIVO";"None";"GRIB";"RESEARCH PROGRAMME ON BIOMEDICAL INFORMATICS";"Research Programme on Biomedical Informatics";"Unidad/Grupo de Investigación";"Grupo Investigación mixto";"Dr. Aiguader, 88";"08003";"8.0";"Barcelona";"9.0";"Cataluña";"http://grib.imim.es/";"None";"None";"ACTIVO"
"1126";"880";"888";"1145";"Orgánica Directa";"Q5018001G";"UNIZAR";"Universidad de Zaragoza";"Universidad de Zaragoza";"Universidad";"Universidad Pública";"Calle de Pedro Cerbuna, 12";"50009";"50.0";"Zaragoza";"2.0";"Aragón";"https://www.unizar.es/";"None";"None";"ACTIVO";"None";"IPH";"None";"Instituto Universitario de Investigación en Patrimonio y Humanidades";"Centro de Investigación";"Centro/Instituto propio";"Calle Pedro Cerbuna, 12";"50009";"50.0";"Zaragoza";"2.0";"Aragón";"https://iphunizar.com/";"None";"None";"ACTIVO"
"1397";"861";"869";"1442";"Orgánica Directa";"Q3018001B";"UM";"Universidad de Murcia";"Universidad de Murcia";"Universidad";"Universidad Pública";"Avenida Teniente Flomesta, 5";"30003";"30.0";"Murcia";"14.0";"Murcia, Región de";"https://www.um.es/";"None";"None";"ACTIVO";"None";"CEDESTE";"None";"Centro de Estudios para el Desarrollo de la Superdotación, el Talento y la Excelencia";"Centro de Investigación";"Centro/Instituto Propio";"Campus Universitario de Espinardo";"30100";"30.0";"Murcia";"14.0";"Murcia, Región de";"https://www.um.es/web/cedeste/";"None";"None";"ACTIVO"
"463";"244";"246";"468";"Orgánica Directa";"Q2827015E";"ISCIII";"INSTITUTO DE SALUD CARLOS III OA MP ISCIII";"Instituto de Salud Carlos III (ISCIII)";"Organismo público de I+D Estatal";"Organismo público de investigación de la AGE (OPI)";"Calle Sinesio Delgado, 4";"28029";"28.0";"Madrid";"13.0";"Madrid, Comunidad de";"https://www.isciii.es";"None";"None";"ACTIVO";"None";"CNE";"CENTRO NACIONAL DE EPIDEMIOLOGIA";"Centro Nacional de Epidemiología";"Centro de Investigación";"Centro/Instituto propio";"Calle de Melchor Fernández Almagro, 5";"28029";"28.0";"Madrid";"13.0";"Madrid, Comunidad de";"https://www.isciii.es/QuienesSomos/CentrosPropios/CNE/Paginas/default.aspx";"None";"None";"ACTIVO"
"981";"237";"239";"995";"Orgánica Directa";"Q2818002D";"CSIC";"AGENCIA ESTATAL CONSEJO SUPERIOR DE INVESTIGACIONES CIENTIFICA, M.P. CSIC";"Consejo Superior de Investigaciónes Científicas (CSIC)";"Organismo público de I+D Estatal";"Organismo público de investigación de la AGE (OPI)";"Calle de Serrano, 117";"28010";"28.0";"Madrid";"13.0";"Madrid, Comunidad de";"https://www.csic.es/";"None";"None";"ACTIVO";"Q5850011G";"CREAF";"CONSORCI CENTRE DE RECERCA ECOLOGICA I APLICACIONS FORESTALS CREAF";"Centre de Recerca Ecològica i Aplicacions Forestals";"Organismo de I+D Regional";"Centro/Instituto mixto";"Campus de la UAB, Cerdanyola del Vallès";"08193";"8.0";"Barcelona";"9.0";"Cataluña";"http://www.creaf.cat/";"Centro Severo Ochoa";"CERCA";"ACTIVO"
"1519";"832";"840";"1568";"Orgánica Directa";"Q2818018J";"UAH";"Universidad de Alcalá";"Universidad de Alcalá";"Universidad";"Universidad Pública";"Plaza de San Diego, s/n, Alcalá de Henares";"28801";"28.0";"Madrid";"13.0";"Madrid, Comunidad de";"https://www.uah.es/es/";"None";"None";"ACTIVO";"None";"None";"None";"Centro de Química Aplicada y Biotecnología";"Centro de Investigación";"Centro/Instituto Propio";"Carretera N-II, km 33,6";"28871";"28.0";"Madrid";"13.0";"Madrid, Comunidad de";"https://www.uah.es/es/investigacion/unidades-de-investigacion/centros-de-apoyo-a-la-investigacion/Centro-de-Quimica-Aplicada-y-Biotecnologia/";"None";"None";"ACTIVO"
"715";"175";"176";"722";"Nodos_ciber";"G84884501";"CIBERES";"CIBER ENFERMEDADES RESPIRATORIAS CIBERES";"CIBER Enfermedades Respiratorias";"Organismo público de I+D Estatal";"Centro de investigación en red";"Instituto de Salud Carlos III, Calle Monforte de Lemos 3-5";"20014";"20.0";"Gipuzkoa";"16.0";"País Vasco";"http://www.ciberes.org";"None";"None";"ACTIVO";"None";"I3PT";"INSTITUTO DE INVESTIGACION E INNOVACION PARC TAULI (I3PT)";"Instituto de Investigación e Innovación Parc Tauli";"Instituto de Investigación Sanitaria (IIS)";"Instituto de Investigación Sanitaria no Acreditado";"Parque del Taulí, 1, 2ª planta, Sabadell";"08208";"8.0";"Barcelona";"9.0";"Cataluña";"http://www.tauli.cat/es/institut/";"None";"None";"ACTIVO"
"1720";"873";"881";"1770";"Orgánica Indirecta";"Q9350003A";"URV";"Universidad Rovira i Virgili";"Universidad Rovira i Virgili";"Universidad";"Universidad Pública";"Carrer de l'Escorxador, s/n";"43007";"43.0";"Tarragona";"9.0";"Cataluña";"https://www.urv.cat/es/";"None";"None";"ACTIVO";"None";"None";"None";"Biobanco Fundación Instituto de Investigación Sanitaria Pere Virgili";"Infraestructura";"Infraestructura propia";"Avinguda de la Universitat, 1, Reus";"43204";"43.0";"Tarragona";"9.0";"Cataluña";"https://www.iispv.cat/plataforma-de-suport/biobanc-iispv/";"None";"None";"NO ACTIVO"
"969";"868";"876";"983";"Orgánica Directa";"Q2818015F";"UPM";"Universidad Politécnica de Madrid";"Universidad Politécnica de Madrid";"Universidad";"Universidad Pública";"Calle Ramiro de Maeztu, 7";"28040";"28.0";"Madrid";"13.0";"Madrid, Comunidad de";"https://www.upm.es";"None";"None";"ACTIVO";"None";"MAGERIT - CeSViMa";"Magerit en el Centro de Supercomputación y Visualización de Madrid (CesViMa)";"Supercomputador Magerit en el Centro de Supercomputación y Visualización de Madrid";"Infraestructura";"Infraestructura propia";"Campus de Montegancedo, Pozuelo de Alarcón";"28223";"28.0";"Madrid";"13.0";"Madrid, Comunidad de";"https://www.cesvima.upm.es/";"None";"None";"ACTIVO"
"996";"237";"239";"1010";"Orgánica Directa";"Q2818002D";"CSIC";"AGENCIA ESTATAL CONSEJO SUPERIOR DE INVESTIGACIONES CIENTIFICA, M.P. CSIC";"Consejo Superior de Investigaciónes Científicas (CSIC)";"Organismo público de I+D Estatal";"Organismo público de investigación de la AGE (OPI)";"Calle de Serrano, 117";"28010";"28.0";"Madrid";"13.0";"Madrid, Comunidad de";"https://www.csic.es/";"None";"None";"ACTIVO";"None";"IDAEA";"INSTITUTO DE DIAGNOSTICO AMBIENTAL Y ESTUDIOS DEL AGUA";"Instituto de Diagnóstico Ambiental y Estudios del Agua";"Centro de Investigación";"Centro/Instituto propio";"Carrer de Jordi Girona, 18-26";"08034";"8.0";"Barcelona";"9.0";"Cataluña";"https://www.idaea.csic.es/";"Centro Severo Ochoa";"None";"ACTIVO"
"1375";"872";"880";"1420";"Orgánica Directa";"Q2803011B";"URJC";"Universidad Rey Juan Carlos";"Universidad Rey Juan Carlos";"Universidad";"Universidad Pública";"Calle Tulipán, s/n, Móstoles";"28933";"28.0";"Madrid";"13.0";"Madrid, Comunidad de";"https://www.urjc.es/";"None";"None";"ACTIVO";"None";"CETINIA";"None";"Centro de Investigación para las Tecnologías Inteligentes de la Información y sus Aplicaciones de la Universidad Rey Juan Carlos";"Centro de Investigación";"Centro/Instituto Propio";"Calle Tulipán, s/n, Campus Móstoles";"28933";"28.0";"Madrid";"13.0";"Madrid, Comunidad de";"https://sites.google.com/view/cetinia-urjc/inicio";"None";"None";"ACTIVO"
"350";"237";"239";"447";"Orgánica Directa";"Q2818002D";"CSIC";"AGENCIA ESTATAL CONSEJO SUPERIOR DE INVESTIGACIONES CIENTIFICA, M.P. CSIC";"Consejo Superior de Investigaciónes Científicas (CSIC)";"Organismo público de I+D Estatal";"Organismo público de investigación de la AGE (OPI)";"Calle de Serrano, 117";"28010";"28.0";"Madrid";"13.0";"Madrid, Comunidad de";"https://www.csic.es/";"None";"None";"ACTIVO";"None";"IAE";"INSTITUTO DE ANALISIS ECONOMICO (IAE)";"Instituto de Análisis Económico";"Centro de Investigación";"Centro/Instituto propio";"Campus Universidad Autónoma de Barcelona, Bellaterra";"08193";"8.0";"Barcelona";"9.0";"Cataluña";"http://www.iae.csic.es/";"None";"None";"ACTIVO"
"720";"175";"176";"727";"Nodos_ciber";"G84884501";"CIBERES";"CIBER ENFERMEDADES RESPIRATORIAS CIBERES";"CIBER Enfermedades Respiratorias";"Organismo público de I+D Estatal";"Centro de investigación en red";"Instituto de Salud Carlos III, Calle Monforte de Lemos 3-5";"20014";"20.0";"Gipuzkoa";"16.0";"País Vasco";"http://www.ciberes.org";"None";"None";"ACTIVO";"IISA-005";"IGTP";"INSTITUTO DE INVESTIGACION EN CIENCIAS DE LA SALUD GERMNAS TRIAS I PUJOL";"Institut d’Investigació en Ciències de la Salut Germans Trias i Pujol";"Instituto de Investigación Sanitaria (IIS)";"Instituto de Investigación Sanitaria Acreditado";"Carretera de Can Ruti. Camí de les Escoles, s/n, Badalona";"08916";"8.0";"Barcelona";"9.0";"Cataluña";"http://www.germanstrias.org/";"None";"CERCA";"ACTIVO"
"835";"777";"785";"843";"Vinculada";"None";"PRUAB";"FUNDACIO PARC DE RECERCA UAB";"Parc de Recerca UAB";"Parque científico y/o tecnológico";"Parque Mixto";"Avinguda de Can Domènech s/n, Campus de la UAB, Bellaterra";"08193";"8.0";"Barcelona";"9.0";"Cataluña";"https://www.uab.cat/web/parc-de-recerca-1345468452262.html";"None";"None";"ACTIVO";"Q0818002H";"UAB";"Universidad Autónoma de Barcelona";"Universidad Autónoma de Barcelona";"Universidad";"Universidad Pública";"Plaça Cívica, Campus de la UAB, Bellaterra";"08193";"8.0";"Barcelona";"9.0";"Cataluña";"https://www.uab.cat/es/";"None";"None";"ACTIVO"
"1812";"897";"905";"1862";"Orgánica Directa";"A26430439";"UNIR";"Universidad Internacional de La Rioja";"Universidad Internacional de La Rioja";"Universidad";"Universidad Privada";"Avenida de la Paz, 137, Logroño";"26006";"26.0";"Rioja, La";"17.0";"Rioja, La";"https://www.unir.net/";"None";"None";"ACTIVO";"None";"UNIR iTED";"None";"Instituto de Investigación, Innovación y Tecnología Educativas";"Centro de Investigación";"Centro/Instituto Propio";"Avenida de la Paz, 137, Logroño";"26006";"26.0";"Rioja, La";"17.0";"Rioja, La";"http://research.unir.net/ited/";"None";"None";"NO ACTIVO"
"1502";"846";"854";"1551";"Orgánica Directa";"Q6750002E";"UdG";"Universidad de Girona";"Universitat de Girona";"Universidad";"Universidad Pública";"Plaça de Sant Domènec, 3";"17004";"17.0";"Girona";"9.0";"Cataluña";"https://www.udg.edu/ca/";"None";"None";"ACTIVO";"None";"CEAPJ";"None";"Centre d'Estudis Avançats del Procés i de la Justícia";"Centro de Investigación";"Centro/Instituto Propio";"Campus de Montilivi";"17071";"17.0";"Girona";"9.0";"Cataluña";"http://ceapj.udg.edu/";"None";"None";"ACTIVO"
"719";"1031";"1045";"726";"Nodos_ciber";"None";"CIBERCV";"None";"CIBER Enfermedades Cardiovaculares";"Organismo público de I+D Estatal";"Centro de investigación en red";"Calle Monforte de Lemos 3-5";"28029";"28.0";"Madrid";"13.0";"Madrid, Comunidad de";"https://www.cibercv.es/";"None";"None";"ACTIVO";"IISA-004";"IR - HUVH";"INSTITUTO DE INVESTIGACION DEL HOSPITAL UNIVERSITARI VALL D´HEBRON";"Vall d’Hebron Institut de Recerca";"Instituto de Investigación Sanitaria (IIS)";"Instituto de Investigación Sanitaria Acreditado";"Passeig Vall d'Hebron, 119";"08035";"8.0";"Barcelona";"9.0";"Cataluña";"http://www.vhir.org/";"None";"CERCA";"ACTIVO"
"278";"2029";"100000";"280";"Orgánica Directa";"None";"JUNTA ANDALUCÍA";"None";"Junta Andalucía";"Administración pública";"Administración pública";"Palacio de San Telmo, Avenida de Roma s/n";"41013";"41.0";"Sevilla";"1.0";"Andalucía";"https://www.juntadeandalucia.es/";"None";"None";"NO ACTIVO";"G91732156";"CENTA";"FUNDACION CENTRO DE LAS NUEVAS TECNOLOGIAS DEL AGUA CENTA";"Fundación Centro de las Nuevas Tecnologías del Agua";"Organismo de I+D Regional";"Centro/Instituto propio";"Autopista Sevilla Huelva, 8. Carrión de los Céspedes";"41890";"41.0";"Sevilla";"1.0";"Andalucía";"https://www.iagua.es/fundacion-centa";"None";"None";"ACTIVO"
"865";"789";"797";"873";"Vinculada";"A48177752";"ELKARTEGIA";"PARQUE TECNOLOGICO TEKNOLOGI ELKARTEGIA, S.A.";"Parque Tecnológico Teknologi Elkartegia, S.A.";"Parque científico y/o tecnológico";"Parque Mixto";"Ibaizabal Bidea, 101, Zamudio";"48170";"48.0";"Bizkaia";"16.0";"País Vasco";"https://parke.eus/bizkaia/es/";"None";"None";"ACTIVO";"Q4818001B";"UPV/EHU";"Universidad del País Vasco/Euskal Herriko Unibertsitatea";"Universidad del País Vasco - Euskal Herriko Unibertsitatea";"Universidad";"Universidad Pública";"Barrio Sarriena, s/n, Leioa";"48940";"48.0";"Bizkaia";"16.0";"País Vasco";"https://www.ehu.eus/es/";"None";"None";"ACTIVO"
"1149";"167";"167";"1168";"Orgánica Directa";"Q1300422A";"IRIAF";"INSTITUTO REGIONAL DE INVESTIGACION Y DESARROLLO AGROALIMENTARIO Y FORESTAL DE CASTILLA LA MANCHA IRIAF";"Instituto Regional de Investigación y desarrollo Agroalimentario y Forestal de Castilla la Mancha";"Organismo de I+D Regional";"Centro/Instituto propio";"Carretara Toledo-Albacete, s/n. Tomelloso";"13700";"13.0";"Ciudad Real";"8.0";"Castilla - La Mancha";"http://iriaf.castillalamancha.es";"None";"None";"ACTIVO";"None";"CLAMBER";"None";"Biorrefinería de I+D CLAMBER";"Centro de Investigación";"Centro/Instituto propio";"Carretera de Calzada de Calatrava (CR-503), s/n, Polígono Industrial Aragonesas, Puertollano";"13500";"13.0";"Ciudad Real";"8.0";"Castilla - La Mancha";"https://clamber.castillalamancha.es/";"None";"None";"ACTIVO"
"1720";"510";"515";"1770";"Orgánica Directa";"None";"IISPV";"INSTITUT D´INVESTIGACIO SANITARI PERE VIRGILI";"Institut d’Investigació Sanitària Pere Virgili";"Organismo de I+D Regional";"Centro/Instituto mixto";"Avinguda Universitat, 1 - 2a planta, Reus";"43204";"43.0";"Tarragona";"9.0";"Cataluña";"http://www.iispv.cat/";"None";"CERCA";"ACTIVO";"None";"None";"None";"Biobanco Fundación Instituto de Investigación Sanitaria Pere Virgili";"Infraestructura";"Infraestructura propia";"Avinguda de la Universitat, 1, Reus";"43204";"43.0";"Tarragona";"9.0";"Cataluña";"https://www.iispv.cat/plataforma-de-suport/biobanc-iispv/";"None";"None";"NO ACTIVO"
"1584";"835";"843";"1633";"Orgánica Directa";"Q0818002H";"UAB";"Universidad Autónoma de Barcelona";"Universidad Autónoma de Barcelona";"Universidad";"Universidad Pública";"Plaça Cívica, Campus de la UAB, Bellaterra";"08193";"8.0";"Barcelona";"9.0";"Cataluña";"https://www.uab.cat/es/";"None";"None";"ACTIVO";"None";"FSIE";"None";"Fundació Salut i Envelliment";"Organismo de I+D Regional";"Centro/Instituto Mixto";"Carrer Sant Antoni Maria Claret, Nº 171";"8041";"8.0";"Barcelona";"9.0";"Cataluña";"https://www.uab.cat/web/fundacio-salut-i-envelliment-1345754058073.html";"None";"None";"ACTIVO"
"1351";"874";"882";"1396";"Orgánica Directa";"Q3718001E";"USAL";"Universidad de Salamanca";"Universidad de Salamanca";"Universidad";"Universidad Pública";"Patio de Escuelas, 1";"37008";"37.0";"Salamanca";"7.0";"Castilla y León";"https://www.usal.es/";"None";"None";"ACTIVO";"None";"ECYT";"None";"Instituto Universitario de Estudios sobre la Ciencia y la Tecnología";"Centro de Investigación";"Centro/Instituto Propio";"Calle Espejo, Edificio I+D+i";"37007";"37.0";"Salamanca";"7.0";"Castilla y León";"http://ecyt.usal.es/";"None";"None";"ACTIVO"
"1807";"894";"902";"1857";"Orgánica Directa";"G61737409";"UIC";"Universitat Internacional de Catalunya";"Universitat Internacional de Catalunya";"Universidad";"Universidad Privada";"Carrer de la Immaculada, 22";"08017";"8.0";"Barcelona";"9.0";"Cataluña";"https://www.uic.es/es";"None";"None";"ACTIVO";"None";"None";"None";"Instituto Universitario de Pacientes";"Centro de Investigación";"Centro/Instituto Propio";"Carrer Josep Trueta, s/n, Sant Cugat del Vallès";"8195";"8.0";"Barcelona";"9.0";"Cataluña";"https://www.uic.es/es/instituto-universitario-de-pacientes";"None";"None";"NO ACTIVO"
"1491";"846";"854";"1540";"Orgánica Directa";"Q6750002E";"UdG";"Universidad de Girona";"Universitat de Girona";"Universidad";"Universidad Pública";"Plaça de Sant Domènec, 3";"17004";"17.0";"Girona";"9.0";"Cataluña";"https://www.udg.edu/ca/";"None";"None";"ACTIVO";"None";"ILLA";"None";"Institut d'Informàtica i Aplicacions";"Centro de Investigación";"Centro/Instituto Propio";"Calle de la Universitat de Girona, Nº 6, Campus Montilivi";"17003";"17.0";"Girona";"9.0";"Cataluña";"https://www.udg.edu/ca/instituts/IIIa";"None";"None";"ACTIVO"
"844";"791";"799";"852";"Vinculada";"B14588859";"Rabanales 21";"PARQUE CIENTIFICO TECNOLOGICO DE CORDOBA, S.L.";"Parque Científico Tecnológico de Córdoba, S.L.";"Parque científico y/o tecnológico";"Parque Mixto";"Calle Astrónoma Cecilia Payne";"14014";"14.0";"Córdoba";"1.0";"Andalucía";"https://www.rabanales21.com/";"None";"None";"ACTIVO";"Q1418001B";"UCO";"Universidad de Córdoba";"Universidad de Córdoba";"Universidad";"Universidad Pública";"Avenida de Medina Azahara, 5";"14071";"14.0";"Córdoba";"1.0";"Andalucía";"http://www.uco.es/";"None";"None";"ACTIVO"
"286";"2037";"100008";"288";"Orgánica Directa";"None";"GVA";"None";"Generalitat Valenciana";"Administración pública";"Administración pública";"Carrer dels Cavallers, 2";"46001";"46.0";"Valencia";"10.0";"Comunitat Valenciana";"https://www.gva.es";"None";"None";"NO ACTIVO";"Q9650009E";"IVIA";"INSTITUTO VALENCIANO DE INVESTIGACIONES AGRARIAS IVIA";"Instituto Valenciano de Investigaciónes Agrarias";"Organismo de I+D Regional";"Centro/Instituto propio";"Carretera CV-315, Km 10,7, Moncada";"46113";"46.0";"Valencia/València";"10.0";"Comunitat Valenciana";"http://www.ivia.gva.es/va/";"None";"None";"ACTIVO"
"941";"1290";"1317";"955";"Orgánica Directa";"None";"IOT";"Infraestructura de Tecnologías Ómicas (Omics Tech)";"Infraestructura de Tecnologías Ómicas (Omics Tech)";"Infraestructura Científico Técnica Singular (ICTS)";"ICTS Distribuida";"None";"None";"None";"None";"None";"Sin localización única";"https://www.omicstech.es/";"None";"None";"ACTIVO";"None";"PM-COS";"Plataforma de Metabolómica del Centro de Ciencias Ómicas";"Plataforma de Metabolómica del Centro de Ciencias Ómicas";"Infraestructura";"Infraestructura propia";"Avenida Universitat 1, Reus";"43204";"43.0";"Tarragona";"9.0";"Cataluña";"https://www.omicstech.es/areas/metabolomics";"None";"None";"ACTIVO"
"1707";"742";"749";"1757";"Orgánica Directa";"IISA-027";"INIBIC";"INSTITUTO IDE INVESTIGACION BIOMEDICA DE LA CORUNA";"Instituto de Investigación Biomédica de A Coruña";"Instituto de Investigación Sanitaria (IIS)";"Instituto de Investigación Sanitaria Acreditado";"Rúa Xubias de Arriba, 84, Hospital Teresa Herrera,";"15006";"15.0";"Coruña, A";"12.0";"Galicia";"http://www.inibic.es/";"None";"None";"ACTIVO";"None";"None";"None";"Biobanco A Coruña";"Infraestructura";"Infraestructura propia";"Xubias de Arriba, 84";"15006";"15.0";"Coruña, A";"12.0";"Galicia";"http://www.inibic.es/portfolio-items/biobanco/?portfolioCats=47";"None";"None";"NO ACTIVO"
"202";"2034";"100005";"204";"Orgánica Indirecta";"None";"GENCAT";"None";"Generalitat de Catalunya";"Administración pública";"Administración pública";"Plaça Sant Jaume 4";"08002";"8.0";"Barcelona";"9.0";"Cataluña";"https://web.gencat.cat";"None";"None";"NO ACTIVO";"G17087909";"MAS BADIA";"FUNDACIO MAS BADIA";"Fundació Mas Badia";"Centro de Investigación";"Centro/Instituto propio";"Carrer Mas Badía, s/n, 17134 Tallada D'Empordá";"17134";"17.0";"Girona";"9.0";"Cataluña";"http://www.irta.cat/es/centre/mas-badia";"None";"None";"ACTIVO"
"1733";"736";"743";"1783";"Orgánica Directa";"IISA-021";"IRBLleida";"INSTITUTO DE INVESTIGACION SANITARIA DE LERIDA";"Institut de Recerca Biomèdica de Lleida";"Instituto de Investigación Sanitaria (IIS)";"Instituto de Investigación Sanitaria Acreditado";"Avinguda Alcalde Rovira Roure, 80";"25198";"25.0";"Lleida";"9.0";"Cataluña";"https://www.irblleida.org/es/";"None";"CERCA";"ACTIVO";"None";"None";"None";"BioBanco IRBLleida";"Infraestructura";"Infraestructura propia";"Avenida Alcalde Rovira Roure, 80";"25198";"25.0";"Lleida";"9.0";"Cataluña";"https://www.irblleida.org/en/technical-scientific-services/biobank/";"None";"None";"NO ACTIVO"
"568";"844";"852";"574";"Orgánica Directa";"Q1418001B";"UCO";"Universidad de Córdoba";"Universidad de Córdoba";"Universidad";"Universidad Pública";"Avenida de Medina Azahara, 5";"14071";"14.0";"Córdoba";"1.0";"Andalucía";"http://www.uco.es/";"None";"None";"ACTIVO";"None";"IAQFN";"INSTITUTO ANDALUZ DE QUIMICA FINA Y NANOQUIMICA - IAQFN";"Instituto Andaluz de Química Fina y Nanoquímica";"Centro de Investigación";"Centro/Instituto propio";"Campus De Rabanales. Univ. De Córdoba";"14071";"14.0";"Córdoba";"1.0";"Andalucía";"http://www.uco.es/iunan/index.php";"None";"None";"ACTIVO"
"1360";"873";"881";"1405";"Orgánica Directa";"Q9350003A";"URV";"Universidad Rovira i Virgili";"Universidad Rovira i Virgili";"Universidad";"Universidad Pública";"Carrer de l'Escorxador, s/n";"43007";"43.0";"Tarragona";"9.0";"Cataluña";"https://www.urv.cat/es/";"None";"None";"ACTIVO";"None";"CRAMC";"None";"Centre de Recerca en Avaluació i Mesura de la Conducta";"Centro de Investigación";"Centro/Instituto Propio";"Carretera de Valls, s/n";"43007";"43.0";"Tarragona";"9.0";"Cataluña";"https://psico.fcep.urv.cat/cramc/es/es_index.html";"None";"None";"ACTIVO"
"982";"835";"843";"996";"Orgánica Directa";"Q0818002H";"UAB";"Universidad Autónoma de Barcelona";"Universidad Autónoma de Barcelona";"Universidad";"Universidad Pública";"Plaça Cívica, Campus de la UAB, Bellaterra";"08193";"8.0";"Barcelona";"9.0";"Cataluña";"https://www.uab.cat/es/";"None";"None";"ACTIVO";"Q5856257J";"IFAE";"CONSORCI INSTITUT DE FISICA DALTES ENERGIES IFAE";"Institut de Física d’Altes Energies";"Organismo de I+D Regional";"Centro/Instituto propio";"Campus de la UAB, Cerdanyola del Vallès";"08193";"8.0";"Barcelona";"9.0";"Cataluña";"http://www.ifae.es/cast/";"Centro Severo Ochoa";"CERCA";"ACTIVO"
"205";"865";"873";"207";"Orgánica Directa";"Q4818001B";"UPV/EHU";"Universidad del País Vasco/Euskal Herriko Unibertsitatea";"Universidad del País Vasco - Euskal Herriko Unibertsitatea";"Universidad";"Universidad Pública";"Barrio Sarriena, s/n, Leioa";"48940";"48.0";"Bizkaia";"16.0";"País Vasco";"https://www.ehu.eus/es/";"None";"None";"ACTIVO";"G75067454";"POLYMAT";"BASQUE CENTER FOR MACROMOLECULAR DESIGN AND ENGINEERING POLYMAT FUNDAZIOA";"Basque Center for Macromolecular Design and Engineering";"Organismo de I+D Regional";"Centro/Instituto mixto";"Centro Joxe Mari Korta Center, Tolosa Avenue, 72, San Sebastián";"20018";"20.0";"Gipuzkoa";"16.0";"País Vasco";"http://www.polymat.eu/";"None";"BERC";"ACTIVO"
"320";"876";"884";"324";"Orgánica Directa";"Q4118001I";"US";"Universidad de Sevilla";"Universidad de Sevilla";"Universidad";"Universidad Pública";"Calle San Fernando, 4";"41004";"41.0";"Sevilla";"1.0";"Andalucía";"https://www.us.es/";"None";"None";"ACTIVO";"None";"CABIMER";"CENTRO ANDALUZ DE BIOLOGIA MOLECULAR Y MEDICINA REGENERATIVA";"Centro Andaluz de Biologia Molecular y Medicina Regenerativa";"Centro de Investigación";"Centro/Instituto mixto";"Avenida Americo Vespucio, s/n, Parque Cientifico Y Tecnológico Cartuja 93";"41092";"41.0";"Sevilla";"1.0";"Andalucía";"http://www.cabimer.es/";"None";"None";"ACTIVO"
"1540";"843";"851";"1589";"Orgánica Directa";"Q2818014I";"UCM";"Universidad Complutense de Madrid";"Universidad Complutense de Madrid";"Universidad";"Universidad Pública";"Avenida Séneca, 2";"28040";"28.0";"Madrid";"13.0";"Madrid, Comunidad de";"https://www.ucm.es/";"None";"None";"ACTIVO";"None";"IDEIR";"None";"Derecho Europeo e Integración Regional";"Centro de Investigación";"Centro/Instituto Propio";"Ciudad Universitaria, s/n";"28040";"28.0";"Madrid";"13.0";"Madrid, Comunidad de";"https://www.ucm.es/ideir";"None";"None";"ACTIVO"
"1710";"713";"720";"1760";"Orgánica Directa";"None";"IRSJD";"INTITUTO DE INVESTIGACION SANT JOAN DE DEU";"Intituto de Investigación Sant Joan de Deu";"Instituto de Investigación Sanitaria (IIS)";"Instituto de Investigación Sanitaria no Acreditado";"Santa Rosa, 39-57, Esplugues del Llobregat";"08950";"8.0";"Barcelona";"9.0";"Cataluña";"https://www.irsjd.org/es/";"None";"None";"ACTIVO";"None";"None";"None";"Biobanco Pediátrico para la investigación";"Infraestructura";"Infraestructura propia";"Carrer de Santa Rosa, 39-57, L'Hospitalet de Llobregat";"8036";"8.0";"Barcelona";"9.0";"Cataluña";"https://www.irsjd.org/ca/serveis-cientificotecnics/biobanc-pediatric-per-a-la-recerca/";"None";"None";"NO ACTIVO"
"1401";"861";"869";"1446";"Orgánica Directa";"Q3018001B";"UM";"Universidad de Murcia";"Universidad de Murcia";"Universidad";"Universidad Pública";"Avenida Teniente Flomesta, 5";"30003";"30.0";"Murcia";"14.0";"Murcia, Región de";"https://www.um.es/";"None";"None";"ACTIVO";"None";"CEEE";"None";"Centro de Estudios Económicos y Empresariales";"Centro de Investigación";"Centro/Instituto Propio";"Campus Universitario de Espinardo";"30100";"30.0";"Murcia";"14.0";"Murcia, Región de";"https://www.um.es/web/ceee/";"None";"None";"ACTIVO"
"1925";"878";"886";"1976";"Vinculada";"Q4718001C";"UVA";"Universidad de Valladolid";"Universidad de Valladolid";"Universidad";"Universidad Pública";"Plaza de Santa Cruz, 8";"47002";"47.0";"Valladolid";"7.0";"Castilla y León";"https://www.uva.es/";"None";"None";"ACTIVO";"G47382056";"None";"FUNDACION GENERAL DE LA UNIVERSIDAD DE VALLADOLID";"Fundación General de La Universidad de Valladolid";"Entidad de Gestión, Promoción y Fomento de la I+D";"De universidad";"None";"47011";"47.0";"Valladolid";"7.0";"Castilla y León";"None";"None";"None";"ACTIVO"
"325";"237";"239";"329";"Orgánica Directa";"Q2818002D";"CSIC";"AGENCIA ESTATAL CONSEJO SUPERIOR DE INVESTIGACIONES CIENTIFICA, M.P. CSIC";"Consejo Superior de Investigaciónes Científicas (CSIC)";"Organismo público de I+D Estatal";"Organismo público de investigación de la AGE (OPI)";"Calle de Serrano, 117";"28010";"28.0";"Madrid";"13.0";"Madrid, Comunidad de";"https://www.csic.es/";"None";"None";"ACTIVO";"None";"CCHS_IFS";"INSTITUTO DE FILOSOFIA";"Instituto de Filosofía";"Centro de Investigación";"Centro/Instituto propio";"Calle de Albasanz, 26";"28037";"28.0";"Madrid";"13.0";"Madrid, Comunidad de";"http://ifs.csic.es";"None";"None";"ACTIVO"
"1641";"865";"873";"1690";"Orgánica Directa";"Q4818001B";"UPV/EHU";"Universidad del País Vasco/Euskal Herriko Unibertsitatea";"Universidad del País Vasco - Euskal Herriko Unibertsitatea";"Universidad";"Universidad Pública";"Barrio Sarriena, s/n, Leioa";"48940";"48.0";"Bizkaia";"16.0";"País Vasco";"https://www.ehu.eus/es/";"None";"None";"ACTIVO";"None";"EINS";"None";"Instituto de Euskara";"Centro de Investigación";"Centro/Instituto Propio";"Abandoibarra, 3, Bilbao";"48009";"48.0";"Bizkaia";"16.0";"País Vasco";"https://www.ehu.eus/es/web/eins";"None";"None";"ACTIVO"
"838";"818";"826";"846";"Vinculada";"None";"None";"PARQUE CIENTIFICO UNIVERSIDAD DE BURGOS";"Parque Científico Universidad de Burgos";"Parque científico y/o tecnológico";"Parque de Universidad";"Plaza Misael Bañuelos, s/n, Centro de I+D+I de la Universidad de Burgos";"09001";"9.0";"Burgos";"7.0";"Castilla y León";"https://www.ubu.es/parque-cientifico-tecnologico";"None";"None";"ACTIVO";"Q0968272E";"UBU";"Universidad de Burgos";"Universidad de Burgos";"Universidad";"Universidad Pública";"Calle Don Juan de Austria, s/n";"09001";"9.0";"Burgos";"7.0";"Castilla y León";"https://www.ubu.es/";"None";"None";"ACTIVO"
"993";"868";"876";"1007";"Orgánica Directa";"Q2818015F";"UPM";"Universidad Politécnica de Madrid";"Universidad Politécnica de Madrid";"Universidad";"Universidad Pública";"Calle Ramiro de Maeztu, 7";"28040";"28.0";"Madrid";"13.0";"Madrid, Comunidad de";"https://www.upm.es";"None";"None";"ACTIVO";"None";"CBGP";"CENTRO DE BIOTECNOLOGIA Y GENOMICA DE PLANTAS";"Centro de Biotecnología y Genómica de Plantas";"Centro de Investigación";"Centro/Instituto mixto";"Carretera M-40, km 38, UPM Campus de Montegancedo, Madrid";"28223";"28.0";"Madrid";"13.0";"Madrid, Comunidad de";"http://www.cbgp.upm.es/index.php/es/";"Centro Severo Ochoa";"None";"ACTIVO"
"917";"257";"259";"926";"Orgánica Directa";"Q2822003F";"INTA";"INSTITUTO NACIONAL DE TECNICA AEROESPACIAL ESTEBAN TERRADAS INTA";"Instituto Nacional de Técnica Aeroespacial Esteban Terradas (INTA)";"Organismo público de I+D Estatal";"Organismo público de investigación de la AGE (OPI)";"Carretera Ajalvir KM. 4,200, Torrejón de Ardoz";"28850";"28.0";"Madrid";"13.0";"Madrid, Comunidad de";"https://www.inta.es";"None";"None";"ACTIVO";"None";"CEHIPAR";"Centro de Experiencias Hidrográficas de El Pardo";"Centro de Experiencias Hidrográficas de El Pardo";"Infraestructura";"Infraestructura propia";"Carretera de la Sierra, s/n";"28048";"28.0";"Madrid";"13.0";"Madrid, Comunidad de";"https://www.inta.es/ICTS-CEHIPAR/es/inicio/";"None";"None";"ACTIVO"
"843";"285";"287";"851";"Nodos_ciber";"G84884576";"CIBERER";"CIBER ENFERMEDADES RARAS CIBERER";"CIBER Enfermedades Raras";"Organismo público de I+D Estatal";"Centro de investigación en red";"Calle Álvaro de Bazan, 10, Bj";"46010";"46.0";"Valencia/València";"10.0";"Comunitat Valenciana";"https://www.ciberer.es/";"None";"None";"ACTIVO";"Q2818014I";"UCM";"Universidad Complutense de Madrid";"Universidad Complutense de Madrid";"Universidad";"Universidad Pública";"Avenida Séneca, 2";"28040";"28.0";"Madrid";"13.0";"Madrid, Comunidad de";"https://www.ucm.es/";"None";"None";"ACTIVO"
"1166";"854";"862";"1188";"Orgánica Directa";"Q3818001D";"ULL";"Universidad de La Laguna";"Universidad de La Laguna";"Universidad";"Universidad Pública";"Calle Padre Herrera, s/n, San Cristóbal de La Laguna";"38200";"38.0";"Santa Cruz de Tenerife";"5.0";"Canarias";"https://www.ull.es/";"None";"None";"ACTIVO";"None";"IUEM";"None";"Instituto Universitario de Estudios de las Mujeres";"Centro de Investigación";"Centro/Instituto propio";"Campus Central ULL, San Cristóbal de La Laguna";"38004";"38.0";"Santa Cruz de Tenerife";"5.0";"Canarias";"https://www.iuem-ull.org/";"None";"None";"ACTIVO"
"462";"246";"248";"467";"Nodos_ciber";"G84884360";"CIBERESP";"CIBER EPIDEMIOLOGIA Y SALUD PUBLICA CIBERESP";"CIBER Epidemiología y Salud Pública";"Organismo público de I+D Estatal";"Centro de investigación en red";"Avenida Monforte de Lemos, 3-5";"28029";"28.0";"Madrid";"13.0";"Madrid, Comunidad de";"https://www.ciberesp.es";"None";"None";"ACTIVO";"None";"CNM";"CENTRO NACIONAL MICROBIOLOGIA VIROLOGIA E INM SANITARIAS ISCIII";"Centro Nacional Microbiología";"Centro de Investigación";"Centro/Instituto propio";"Carretera de Pozuelo, 28, Majadahonda";"28222";"28.0";"Madrid";"13.0";"Madrid, Comunidad de";"https://www.isciii.es/QuienesSomos/CentrosPropios/CNM/Paginas/default.aspx";"None";"None";"ACTIVO"
"3";"153";"153";"3";"Vinculada";"None";"THINKTUR";"Plataforma Tecnológica Española del Sector Turístico - THINKTUR";"Plataforma Tecnológica Española del Sector Turístico";"Clúster/Plataforma";"Plataforma Tecnológica";"Calle Orense, 32, Madrid";"28020";"28.0";"Madrid";"13.0";"Madrid, Comunidad de";"http://www.thinktur.org";"None";"None";"ACTIVO";"G47538525";"AVEBIOM";"AEI AVEBIOM";"AEI AVEBIOM";"Clúster/Plataforma";"Agrupación Empresarial Innovadora Registrada";"Calle Panaderos, 58 entpta.";"47004";"47.0";"Valladolid";"7.0";"Castilla y León";"https://www.avebiom.org";"None";"None";"ACTIVO"
"230";"875";"883";"232";"Orgánica Directa";"Q1518001A";"USC";"Universidad de Santiago de Compostela";"Universidad de Santiago de Compostela";"Universidad";"Universidad Pública";"Praza do Obradoiro, 0, Santiago de Compostela";"15705";"15.0";"Coruña, A";"12.0";"Galicia";"https://www.usc.gal/gl";"None";"None";"ACTIVO";"S1500111H";"ITMATI";"CONSORCIO INSTITUTO TECNOLOGICO DE MATEMATICA INDUSTRIAL";"Instituto Tecnológico de Matemática Industrial";"Organismo de I+D Regional";"Centro/Instituto mixto";"Campus Vida. Santiago de Compostela";"15782";"15.0";"Coruña, A";"12.0";"Galicia";"http://www.itmati.com/";"None";"None";"ACTIVO"
"491";"257";"259";"496";"Orgánica Directa";"Q2822003F";"INTA";"INSTITUTO NACIONAL DE TECNICA AEROESPACIAL ESTEBAN TERRADAS INTA";"Instituto Nacional de Técnica Aeroespacial Esteban Terradas (INTA)";"Organismo público de I+D Estatal";"Organismo público de investigación de la AGE (OPI)";"Carretera Ajalvir KM. 4,200, Torrejón de Ardoz";"28850";"28.0";"Madrid";"13.0";"Madrid, Comunidad de";"https://www.inta.es";"None";"None";"ACTIVO";"None";"CIAR";"CENTRO DE INVESTIGACION AEROPORTADA DE ROZAS CIAR";"Centro de Investigación Aeroportada de Rozas";"Centro de Investigación";"Centro/Instituto propio";"Castro de Rei";"27271";"27.0";"Lugo";"12.0";"Galicia";"https://www.inta.es/CIAR/es/";"None";"None";"ACTIVO"
"1234";"299";"302";"1258";"Nodos_ciber";"V84884428";"CIBEROBN";"CIBER FISIOPATOLOGIA DE LA OBESIDAD Y NUTRICION CIBEROBN";"CIBER Fisiopatología de la Obesidad y Nutrición";"Organismo público de I+D Estatal";"Centro de investigación en red";"Avenida Monforte de Lemos, 3-5";"28029";"28.0";"Madrid";"13.0";"Madrid, Comunidad de";"https://www.ciberobn.es/";"None";"None";"ACTIVO";"None";"ClinicBarcelona";"None";"Hospital Clínico y Provincial de Barcelona";"Hospital";"Hospital Público";"Villarroel, 170";"08036";"8.0";"Barcelona";"9.0";"Cataluña";"https://www.clinicbarcelona.org/";"None";"None";"ACTIVO"
"867";"821";"829";"875";"Vinculada";"None";"Parc UPC";"PARC DE RECERCA E INNOVACIÓ DE LA UNIVERSITAT POLITECNICA DE CATALUNYA";"Parc de Recerca i Innovació de la Universitat Politècnica de Catalunya";"Parque científico y/o tecnológico";"Parque de Universidad";"Edifici Vèrtex, Campus Nord. Pl. Eusebi Güell, 6";"08034";"8.0";"Barcelona";"9.0";"Cataluña";"https://www.upc.edu/parcupc/ca";"None";"None";"ACTIVO";"Q0818003F";"UPC";"Universidad Politécnica de Catalunya";"Universidad Politécnica de Catalunya";"Universidad";"Universidad Pública";"Campus Nord, Carrer de Jordi Girona, 1, 3";"08034";"8.0";"Barcelona";"9.0";"Cataluña";"https://www.upc.edu/ca";"None";"None";"ACTIVO"
"730";"299";"302";"737";"Nodos_ciber";"V84884428";"CIBEROBN";"CIBER FISIOPATOLOGIA DE LA OBESIDAD Y NUTRICION CIBEROBN";"CIBER Fisiopatología de la Obesidad y Nutrición";"Organismo público de I+D Estatal";"Centro de investigación en red";"Avenida Monforte de Lemos, 3-5";"28029";"28.0";"Madrid";"13.0";"Madrid, Comunidad de";"https://www.ciberobn.es/";"None";"None";"ACTIVO";"IISA-015";"IMIBIC";"INSTITUTO MAIMONIDES DE INVESTIGACION BIOMEDICA DE CORDOBA";"Instituto Maimonides de Investigación Biomédica de Córdoba";"Instituto de Investigación Sanitaria (IIS)";"Instituto de Investigación Sanitaria Acreditado";"Avenida Menéndez Pidal, s/n, Hospital Universitario Reina Sofía";"14004";"14.0";"Córdoba";"1.0";"Andalucía";"https://www.imibic.org";"None";"None";"ACTIVO"
"1242";"877";"885";"1266";"Orgánica Directa";"Q4618001D";"UV";"Universitat de València (Estudi General)";"Universitat de València";"Universidad";"Universidad Pública";"Avenida de Blasco Ibáñez, 13";"46010";"46.0";"Valencia/València";"10.0";"Comunitat Valenciana";"https://www.uv.es/";"None";"None";"ACTIVO";"None";"IDM";"None";"Instituto Interuniversitario de Investigación de Reconocimiento Molecular y Desarrollo Tecnológico";"Centro de Investigación";"Centro/Instituto mixto";"Camino de Vera, s/n";"46022";"46.0";"Valencia/València";"10.0";"Comunitat Valenciana";"https://www.uv.es/uvweb/instituto-interuniversitario-investigacion-reconocimiento-molecular-desarrollo-tecnologico/es/instituto-interuniversitario-investigacion-reconocimiento-molecular-desarrollo-tecnologico-idm-1285893848354.html";"None";"None";"ACTIVO"
"648";"879";"887";"655";"Vinculada";"Q8650002B";"UVigo";"Universidad de Vigo";"Universidad de Vigo";"Universidad";"Universidad Pública";"Circunvalación ao Campus Universitario, Vigo";"36310";"36.0";"Pontevedra";"12.0";"Galicia";"https://www.uvigo.gal/";"None";"None";"ACTIVO";"G36885853";"CETMAR";"CENTRO TECNOLOGICO DEL MAR CETMAR";"Centro Tecnológico del Mar";"Centro tecnológico y de apoyo a la innovación tecnológica";"Otros centros tecnológicos y de apoyo a la innovación tecnológica";"Rúa De Eduardo Cabello, s/n,";"36208";"36.0";"Pontevedra";"12.0";"Galicia";"https://cetmar.org";"None";"None";"ACTIVO"
"835";"720";"727";"843";"Vinculada";"IISA-005";"IGTP";"INSTITUTO DE INVESTIGACION EN CIENCIAS DE LA SALUD GERMNAS TRIAS I PUJOL";"Institut d’Investigació en Ciències de la Salut Germans Trias i Pujol";"Instituto de Investigación Sanitaria (IIS)";"Instituto de Investigación Sanitaria Acreditado";"Carretera de Can Ruti. Camí de les Escoles, s/n, Badalona";"08916";"8.0";"Barcelona";"9.0";"Cataluña";"http://www.germanstrias.org/";"None";"CERCA";"ACTIVO";"Q0818002H";"UAB";"Universidad Autónoma de Barcelona";"Universidad Autónoma de Barcelona";"Universidad";"Universidad Pública";"Plaça Cívica, Campus de la UAB, Bellaterra";"08193";"8.0";"Barcelona";"9.0";"Cataluña";"https://www.uab.cat/es/";"None";"None";"ACTIVO"
"843";"763";"770";"851";"Vinculada";"G83077891";"FPCM";"PARQUE CIENTIFICO DE MADRID PCM";"Parque Científico de Madrid";"Parque científico y/o tecnológico";"Parque de Universidad";"Calle Faraday, 7";"28049";"28.0";"Madrid";"13.0";"Madrid, Comunidad de";"https://fpcm.es/";"None";"None";"ACTIVO";"Q2818014I";"UCM";"Universidad Complutense de Madrid";"Universidad Complutense de Madrid";"Universidad";"Universidad Pública";"Avenida Séneca, 2";"28040";"28.0";"Madrid";"13.0";"Madrid, Comunidad de";"https://www.ucm.es/";"None";"None";"ACTIVO"
"540";"2038";"100009";"545";"Orgánica Directa";"None";"JUNTAEX";"None";"Junta de Extremadura";"Administración pública";"Administración pública";"Plaza del Rastro s/n, Mérida";"06800";"6.0";"Badajoz";"11.0";"Extremadura";"http://www.juntaex.es/web/";"None";"None";"NO ACTIVO";"G10391704";"COMPUTAEX";"FUNDACION COMPUTACION Y TECNOLOGIAS AVANZADAS DE EXTREMADURA";"Fundación Computación y Tecnologías Avanzadas de Extremadura";"Organismo de I+D Regional";"Centro/Instituto propio";"Calle Sola, 1, Trujillo";"10200";"10.0";"Cáceres";"11.0";"Extremadura";"http://www.cenits.es/computaex";"None";"None";"ACTIVO"
"1731";"160";"160";"1781";"Nodos_ciber";"None";"RNBB";"RED NACIONAL DE BIOBANCOS (RNBB)";"Red Nacional de Biobancos";"Organismo público de I+D Estatal";"Centro de investigación en red";"Calle Monforte de Lemos, 3-5, Madrid";"28029";"28.0";"Madrid";"13.0";"Madrid, Comunidad de";"http://www.redbiobancos.es/";"None";"None";"ACTIVO";"None";"None";"None";"Biobanco IGTP-HUGTP";"Infraestructura";"Infraestructura propia";"Camí de les Escoles, s/n, Badalona";"8916";"8.0";"Barcelona";"9.0";"Cataluña";"http://www.germanstrias.org/technology-services/biobank/";"None";"None";"NO ACTIVO"
"1879";"747";"754";"1929";"Vinculada";"IISA-032";"ISABIAL";"INSTITUTO DE INVESTIGACION SANITARIA Y BIOMEDICA DE ALICANTE";"Instituto de Investigación Sanitaria y Biomédica de Alicante";"Instituto de Investigación Sanitaria (IIS)";"Instituto de Investigación Sanitaria Acreditado";"Avenida Pintor Baeza, 12 HGUA";"03010";"3.0";"Alicante/Alacant";"10.0";"Comunitat Valenciana";"http://fisabio.san.gva.es/en/isabial";"None";"None";"ACTIVO";"G42641308";"None";"FUNDACION DE LA COMUNIDAD VALENCIANA PARA LA GESTION DEL INSTITUTO DE INVESTIGACION SANITARIA Y BIOMEDICA DE ALICANTE";"Fundación de la Comunidad Valenciana para la gestión del Instituto de Investigación Sanitaria y Biomédica de Alicante";"Entidad de Gestión, Promoción y Fomento de la I+D";"Entidad Gestora IISA";"None";"03010";"3.0";"Alicante/Alacant";"10.0";"Comunitat Valenciana";"None";"None";"None";"ACTIVO"
"1698";"247";"249";"1747";"Nodos_ciber";"G84905439";"CIBERNED";"CONSORCIO CENTRO DE INVESTIGACION BIOMEDICA EN RED PARA EL AREA TEMATICA DE ENFERMEDADES NEURODEGENERATIVAS CIBERNED";"CIBER Enfermedades Neurodegenerativas";"Organismo público de I+D Estatal";"Centro de investigación en red";"Calle Valderrebollo, 5";"28031";"28.0";"Madrid";"13.0";"Madrid, Comunidad de";"https://ciberned.es/";"None";"None";"ACTIVO";"G06427728";"FUNDESALUD";"None";"Fundación para la Formación Investigación de los profesionales de la Salud de Extremadura";"Entidad de Gestión, Promoción y Fomento de la I+D";"Otra entidad de Gestión Sanitaria";"Calle Pio Baroja, Nº 10, Mérida";"6800";"6.0";"Badajoz";"11.0";"Extremadura";"https://saludextremadura.ses.es/fundesalud/web/la-fundacion";"None";"None";"ACTIVO"
"1878";"746";"753";"1928";"Vinculada";"IISA-031";"IDISBA";"INSTITUTO DE INVESTIGACION SANITARI ILLES BALEARS";"Instituto de Investigación Sanitari Illes Balears";"Instituto de Investigación Sanitaria (IIS)";"Instituto de Investigación Sanitaria Acreditado";"Carretera de Valldemossa, 79, Hospital Universitario Son Espases, Palma";"07120";"7.0";"Balears, Illes";"4.0";"Balears, Illes";"http://www.idisba.es/";"None";"None";"ACTIVO";"G57326324";"None";"FUNDACION INSTITUTO DE INVESTIGACION SANITARIA ILLES BALEARS";"Fundación Instituto de Investigación Sanitaria Illes Balears";"Entidad de Gestión, Promoción y Fomento de la I+D";"Entidad Gestora IISA";"None";"07010";"7.0";"Balears, Illes";"4.0";"Balears, Illes";"None";"None";"None";"ACTIVO"
"1527";"843";"851";"1576";"Orgánica Directa";"Q2818014I";"UCM";"Universidad Complutense de Madrid";"Universidad Complutense de Madrid";"Universidad";"Universidad Pública";"Avenida Séneca, 2";"28040";"28.0";"Madrid";"13.0";"Madrid, Comunidad de";"https://www.ucm.es/";"None";"None";"ACTIVO";"None";"IUIOG";"None";"Instituto Universitario de Investigación Ortega y Gasset";"Centro de Investigación";"Centro/Instituto Propio";"Calle Fortuny, Nº 53";"28010";"28.0";"Madrid";"13.0";"Madrid, Comunidad de";"https://iuiog.com/";"None";"None";"ACTIVO"
"529";"237";"239";"534";"Orgánica Indirecta";"Q2818002D";"CSIC";"AGENCIA ESTATAL CONSEJO SUPERIOR DE INVESTIGACIONES CIENTIFICA, M.P. CSIC";"Consejo Superior de Investigaciónes Científicas (CSIC)";"Organismo público de I+D Estatal";"Organismo público de investigación de la AGE (OPI)";"Calle de Serrano, 117";"28010";"28.0";"Madrid";"13.0";"Madrid, Comunidad de";"https://www.csic.es/";"None";"None";"ACTIVO";"None";"IGME Zaragoza";"Oficina de proyectos del IGME Zaragoza";"Oficina de Proyectos del IGME Zaragoza";"Entidad de Gestión, Promoción y Fomento de la I+D";"Entidad de Gestión, Promoción y Fomento de la I+D";"Calle Manuel Lasala, 44 - 9º B";"50006";"50.0";"Zaragoza";"2.0";"Aragón";"http://www.igme.es/directorio/oficinas.htm";"None";"None";"ACTIVO"
"1044";"244";"246";"1058";"Orgánica Directa";"Q2827015E";"ISCIII";"INSTITUTO DE SALUD CARLOS III OA MP ISCIII";"Instituto de Salud Carlos III (ISCIII)";"Organismo público de I+D Estatal";"Organismo público de investigación de la AGE (OPI)";"Calle Sinesio Delgado, 4";"28029";"28.0";"Madrid";"13.0";"Madrid, Comunidad de";"https://www.isciii.es";"None";"None";"ACTIVO";"None";"CNSA";"None";"Centro Nacional de Sanidad Ambiental";"Centro de Investigación";"Centro/Instituto propio";"Avenidad Monforte de Lemos, 5";"28029";"28.0";"Madrid";"13.0";"Madrid, Comunidad de";"https://www.isciii.es/QuienesSomos/CentrosPropios/CNSA/Paginas/default.aspx";"None";"None";"ACTIVO"
"173";"2038";"100009";"174";"Orgánica Directa";"None";"JUNTAEX";"None";"Junta de Extremadura";"Administración pública";"Administración pública";"Plaza del Rastro s/n, Mérida";"06800";"6.0";"Badajoz";"11.0";"Extremadura";"http://www.juntaex.es/web/";"None";"None";"NO ACTIVO";"S0600428G";"CICYTEX";"CENTRO DE INVESTIGACIONES CIENTIFICAS Y TECNOLOGICAS DE EXTREMADURA CICYTEX";"Centro de Investigaciónes Científicas y Tecnológicas de Extremadura";"Organismo de I+D Regional";"Centro/Instituto propio";"Finca La Orden: A5 Km372, Guadajira";"06498";"6.0";"Badajoz";"11.0";"Extremadura";"http://cicytex.juntaex.es/es/";"None";"None";"ACTIVO"
"1069";"875";"883";"1084";"Orgánica Directa";"Q1518001A";"USC";"Universidad de Santiago de Compostela";"Universidad de Santiago de Compostela";"Universidad";"Universidad Pública";"Praza do Obradoiro, 0, Santiago de Compostela";"15705";"15.0";"Coruña, A";"12.0";"Galicia";"https://www.usc.gal/gl";"None";"None";"ACTIVO";"None";"None";"None";"Centro de Estudios de Historia de la Ciudad";"Centro de Investigación";"Centro/Instituto propio";"Complexo docente do campus de Lugo, s/n";"27002";"27.0";"Lugo";"12.0";"Galicia";"https://www.usc.gal/gl/institutos/hist_cidade/index.html";"None";"None";"ACTIVO"
"1135";"237";"239";"1154";"Orgánica Directa";"Q2818002D";"CSIC";"AGENCIA ESTATAL CONSEJO SUPERIOR DE INVESTIGACIONES CIENTIFICA, M.P. CSIC";"Consejo Superior de Investigaciónes Científicas (CSIC)";"Organismo público de I+D Estatal";"Organismo público de investigación de la AGE (OPI)";"Calle de Serrano, 117";"28010";"28.0";"Madrid";"13.0";"Madrid, Comunidad de";"https://www.csic.es/";"None";"None";"ACTIVO";"None";"CEDOBI";"None";"Centro de Estudios y Documentación de las Brigadas Internacionales";"Centro de Investigación";"Centro/Instituto mixto";"None";"20005";"2.0";"Albacete";"8.0";"Castilla - La Mancha";"https://www.uclm.es/centros-investigacion/cedobi";"None";"None";"ACTIVO"
"1471";"844";"852";"1520";"Orgánica Directa";"Q1418001B";"UCO";"Universidad de Córdoba";"Universidad de Córdoba";"Universidad";"Universidad Pública";"Avenida de Medina Azahara, 5";"14071";"14.0";"Córdoba";"1.0";"Andalucía";"http://www.uco.es/";"None";"None";"ACTIVO";"None";"HCV";"None";"Hospital Clínico Veterinario";"Centro de Investigación";"Centro/Instituto Propio";"Carretera Nacional IV-A, km 396, Campus Universitario de Rabanales";"14004";"14.0";"Córdoba";"1.0";"Andalucía";"https://www.uco.es/webuco/corporacion/hcv/";"None";"None";"ACTIVO"
"1637";"865";"873";"1686";"Orgánica Directa";"Q4818001B";"UPV/EHU";"Universidad del País Vasco/Euskal Herriko Unibertsitatea";"Universidad del País Vasco - Euskal Herriko Unibertsitatea";"Universidad";"Universidad Pública";"Barrio Sarriena, s/n, Leioa";"48940";"48.0";"Bizkaia";"16.0";"País Vasco";"https://www.ehu.eus/es/";"None";"None";"ACTIVO";"None";"TIM";"None";"Instituto de Tecnología Microelectrónica";"Centro de Investigación";"Centro/Instituto Propio";"Parque Tecnológico de Bizkaia, Zamudio";"48170";"48.0";"Bizkaia";"16.0";"País Vasco";"https://www.ehu.eus/es/web/tim";"None";"None";"ACTIVO"
"1922";"854";"862";"1973";"Vinculada";"Q3818001D";"ULL";"Universidad de La Laguna";"Universidad de La Laguna";"Universidad";"Universidad Pública";"Calle Padre Herrera, s/n, San Cristóbal de La Laguna";"38200";"38.0";"Santa Cruz de Tenerife";"5.0";"Canarias";"https://www.ull.es/";"None";"None";"ACTIVO";"G38083408";"None";"FUNDACION GENERAL DE LA UNIVERSIDAD DE LA LAGUNA";"Fundación General de La Universidad de La Laguna";"Entidad de Gestión, Promoción y Fomento de la I+D";"De universidad";"None";"38204";"38.0";"Santa Cruz de Tenerife";"5.0";"Canarias";"None";"None";"None";"ACTIVO"
"1363";"873";"881";"1408";"Orgánica Directa";"Q9350003A";"URV";"Universidad Rovira i Virgili";"Universidad Rovira i Virgili";"Universidad";"Universidad Pública";"Carrer de l'Escorxador, s/n";"43007";"43.0";"Tarragona";"9.0";"Cataluña";"https://www.urv.cat/es/";"None";"None";"ACTIVO";"None";"C3";"None";"Centre for Climate Change";"Centro de Investigación";"Centro/Instituto Propio";"Campus de les Terres de l'Ebre";"43870";"43.0";"Tarragona";"9.0";"Cataluña";"http://www.c3.urv.cat/";"None";"None";"ACTIVO"
"298";"176";"177";"187";"Orgánica Directa";"G08674327";"None";"INSTITUT D ESTUDIS CATALANS";"Institut d'Estudis Catalans";"Organismo de I+D Regional";"Centro/Instituto propio";"Carrer Del Carme, 47, Barcelona";"08001";"8.0";"Barcelona";"9.0";"Cataluña";"http://www.iec.cat";"None";"None";"ACTIVO";"V63009138";"CRM";"CENTRE DE RECERCA MATEMATICA CRM";"Centre de Recerca Matemática";"Organismo de I+D Regional";"Centro/Instituto mixto";"Campus de Bellaterra, Edifici C. Bellaterra";"08093";"8.0";"Barcelona";"9.0";"Cataluña";"http://www.crm.cat";"None";"CERCA";"ACTIVO"
"977";"2034";"100005";"991";"Orgánica Directa";"None";"GENCAT";"None";"Generalitat de Catalunya";"Administración pública";"Administración pública";"Plaça Sant Jaume 4";"08002";"8.0";"Barcelona";"9.0";"Cataluña";"https://web.gencat.cat";"None";"None";"NO ACTIVO";"G63971451";"IRB BARCELONA";"FUNDACIO INSTITUT DE RECERCA BIOMEDICA IRB BARCELONA";"Institut de Recerca Biomèdica de Barcelona";"Organismo de I+D Regional";"Centro/Instituto mixto";"Parc Científic De Barcelona, Calle Baldiri Reixac 10";"08028";"8.0";"Barcelona";"9.0";"Cataluña";"https://www.irbbarcelona.org/es";"Centro Severo Ochoa";"CERCA";"ACTIVO"
"571";"880";"888";"577";"Orgánica Directa";"Q5018001G";"UNIZAR";"Universidad de Zaragoza";"Universidad de Zaragoza";"Universidad";"Universidad Pública";"Calle de Pedro Cerbuna, 12";"50009";"50.0";"Zaragoza";"2.0";"Aragón";"https://www.unizar.es/";"None";"None";"ACTIVO";"G22352199";"FADOT";"FUNDACION ARAGONESA PARA EL DESARROLLO DE LA OBSERVACION DE LA TIERRA";"Fundación Aragonesa para el Desarrollo de la Observación de la Tierra";"Centro de Investigación";"Centro/Instituto mixto";"Carretera Zaragoza-Huesca, Km 566, Parque Tecnológico de Walqa, Cuarte";"22197";"22.0";"Huesca";"2.0";"Aragón";"https://www.fundacionfadot.es/";"None";"None";"ACTIVO"
"359";"237";"239";"363";"Orgánica Directa";"Q2818002D";"CSIC";"AGENCIA ESTATAL CONSEJO SUPERIOR DE INVESTIGACIONES CIENTIFICA, M.P. CSIC";"Consejo Superior de Investigaciónes Científicas (CSIC)";"Organismo público de I+D Estatal";"Organismo público de investigación de la AGE (OPI)";"Calle de Serrano, 117";"28010";"28.0";"Madrid";"13.0";"Madrid, Comunidad de";"https://www.csic.es/";"None";"None";"ACTIVO";"None";"IBFG";"INSTITUTO DE BIOLOGIA FUNCIONAL Y GENOMICA";"Instituto de Biología Funcional y Genómica";"Centro de Investigación";"Centro/Instituto mixto";"Calle Zacarías González, 2";"37007";"37.0";"Salamanca";"7.0";"Castilla y León";"https://ibfg.usal-csic.es";"None";"None";"ACTIVO"
"1617";"841";"849";"1666";"Orgánica Directa";"Q2818029G";"UC3M";"Universidad Carlos III de Madrid";"Universidad Carlos III de Madrid";"Universidad";"Universidad Pública";"Calle Madrid, 126, Getafe";"28903";"28.0";"Madrid";"13.0";"Madrid, Comunidad de";"https://www.uc3m.es/";"None";"None";"ACTIVO";"None";"None";"None";"Instituto Universitario sobre Modelización y Simulación en Fluidodinámica, Nanociencia y Matemática Industrial ""Gregorio Millán Barbany""";"Centro de Investigación";"Centro/Instituto Propio";"Avenida de la Universidad, Nº 30, Leganés";"28916";"28.0";"Madrid";"13.0";"Madrid, Comunidad de";"https://portal.uc3m.es/portal/page/portal/instituto_univ_gregorio_millan_barbany";"None";"None";"ACTIVO"
"1268";"295";"297";"1294";"Nodos_ciber";"G84884477";"CIBER BBN";"CIBER BIOINGENIERIA BIOMATERIALES Y NANOMEDICINA CIBER BBN";"CIBER Bioingenieria Biomateriales y Nanomedicina";"Organismo público de I+D Estatal";"Centro de investigación en red";"Poeta Mariano Esquillor, 1";"50018";"50.0";"Zaragoza";"2.0";"Aragón";"https://www.ciber-bbn.es/";"None";"None";"ACTIVO";"None";"CTB-UPM";"None";"Centro de Tecnología Biomédica";"Centro de Investigación";"Centro/Instituto propio";"Campus Montegancedo, Pozuelo de Alarcón";"28223";"28.0";"Madrid";"13.0";"Madrid, Comunidad de";"http://www.ctb.upm.es/";"None";"None";"ACTIVO"
"964";"1297";"1325";"978";"Nodo de ICTS en Red";"None";"RES";"Red Española de Supercomputación (RES)";"Red Española de Supercomputación (RES)";"Infraestructura Científico Técnica Singular (ICTS)";"ICTS en Red";"None";"None";"None";"None";"None";"Sin localización única";"https://www.res.es/";"None";"None";"ACTIVO";"None";"FinisTerrae";"Supercomputador Finis Terrae en el Centro de Supercomputación de Galicia (CESGA)";"Supercomputador Finis Terrae en el Centro de Supercomputación de Galicia";"Infraestructura";"Infraestructura propia";"Avenida de Vigo, Santiago de Compostela";"15705";"15.0";"Coruña, A";"12.0";"Galicia";"https://www.cesga.es/";"None";"None";"ACTIVO"
"949";"1282";"1309";"963";"Nodo de ICTS Distribuida";"None";"MICRONANOFABS";"Red de Salas Blancas de Micro y Nanofabricación (MICRONANOFABS)";"Red de Salas Blancas de Micro y Nanofabricación (MICRONANOFABS)";"Infraestructura Científico Técnica Singular (ICTS)";"ICTS Distribuida";"None";"None";"None";"None";"None";"Sin localización única";"https://www.ciencia.gob.es/portal/site/MICINN/menuitem.26172fcf4eb029fa6ec7da6901432ea0/?vgnextoid=00a676ef802d4610VgnVCM1000001d04140aRCRD";"None";"None";"ACTIVO";"None";"SBCNM";"Sala Blanca Integradas de Micro y Nano Fabiricación del Centro Nacional de Microelectrónica";"Sala Blanca Integradas de Micro y Nano Fabricación del Centro Nacional de Microelectrónica";"Infraestructura";"Infraestructura propia";"Carrer dels Tillers, Universitat Autónoma de Barcelona";"08193";"8.0";"Barcelona";"9.0";"Cataluña";"https://www.imb-cnm.csic.es/es";"None";"None";"ACTIVO"
"1007";"237";"239";"1021";"Orgánica Directa";"Q2818002D";"CSIC";"AGENCIA ESTATAL CONSEJO SUPERIOR DE INVESTIGACIONES CIENTIFICA, M.P. CSIC";"Consejo Superior de Investigaciónes Científicas (CSIC)";"Organismo público de I+D Estatal";"Organismo público de investigación de la AGE (OPI)";"Calle de Serrano, 117";"28010";"28.0";"Madrid";"13.0";"Madrid, Comunidad de";"https://www.csic.es/";"None";"None";"ACTIVO";"None";"CAB";"CENTRO DE ASTROBIOLOGIA";"Centro de Astrobiología";"Centro de Investigación";"Centro/Instituto mixto";"Carretera de Torrejón a Ajalvir, km 4, Instituto Nacional de Técnica Aeroespacial";"28850";"28.0";"Madrid";"13.0";"Madrid, Comunidad de";"https://www.cab.inta-csic.es/";"Centro María de Maeztu";"None";"ACTIVO"
"1508";"846";"854";"1557";"Orgánica Directa";"Q6750002E";"UdG";"Universidad de Girona";"Universitat de Girona";"Universidad";"Universidad Pública";"Plaça de Sant Domènec, 3";"17004";"17.0";"Girona";"9.0";"Cataluña";"https://www.udg.edu/ca/";"None";"None";"ACTIVO";"None";"UdiGital";"None";"UdiGitalEdu";"Centro de Investigación";"Centro/Instituto Propio";"Carrer Emili Grahit, Nº 91, Parc Científic i Tecnològic UdG";"17003";"17.0";"Girona";"9.0";"Cataluña";"https://udigital.udg.edu/";"None";"None";"ACTIVO"
"1062";"863";"871";"1077";"Orgánica Directa";"Q3318001I";"UNIOVI";"Universidad de Oviedo";"Universidad de Oviedo";"Universidad";"Universidad Pública";"Calle San Francisco, 3, Oviedo";"33003";"33.0";"Asturias";"3.0";"Asturias, Principado de";"https://www.uniovi.es/";"None";"None";"ACTIVO";"None";"IUTA";"None";"Instituto Universitario de Tecnología Industrial de Asturias";"Centro de Investigación";"Centro/Instituto propio";"Campus Universitario de Gijón";"33203";"33.0";"Asturias";"3.0";"Asturias, Principado de";"http://www.iuta.uniovi.es/web/";"None";"None";"ACTIVO"
"371";"880";"888";"375";"Orgánica Directa";"Q5018001G";"UNIZAR";"Universidad de Zaragoza";"Universidad de Zaragoza";"Universidad";"Universidad Pública";"Calle de Pedro Cerbuna, 12";"50009";"50.0";"Zaragoza";"2.0";"Aragón";"https://www.unizar.es/";"None";"None";"ACTIVO";"None";"ICMA";"INSTITUTO DE CIENCIA DE MATERIALES DE ARAGON";"Instituto de Ciencia de Materiales de Aragón";"Centro de Investigación";"Centro/Instituto mixto";"Calle de Pedro Cerbuna, 12";"50009";"50.0";"Zaragoza";"2.0";"Aragón";"http://icma.unizar-csic.es/";"None";"None";"NO ACTIVO"
"1389";"864";"872";"1434";"Orgánica Directa";"Q9150016E";"UPO";"Universidad Pablo de Olavide";"Universidad Pablo de Olavide";"Universidad";"Universidad Pública";"Carretera de Utrera, 1";"41013";"41.0";"Sevilla";"1.0";"Andalucía";"https://www.upo.es/";"None";"None";"ACTIVO";"None";"None";"None";"Centro Euro-Árabe de Estudios Jurídicos Avanzados";"Centro de Investigación";"Centro/Instituto Propio";"Carretera de Utrera, km. 0";"41013";"41.0";"Sevilla";"1.0";"Andalucía";"https://www.upo.es/portal/impe/web/contenido/e026ae33-2234-11e0-91c3-3fe5a96f4a88?channel=b1601137-2f47-11de-b088-3fe5a96f4a88";"None";"None";"ACTIVO"
"1299";"1297";"1325";"1327";"Orgánica Directa";"None";"RES";"Red Española de Supercomputación (RES)";"Red Española de Supercomputación (RES)";"Infraestructura Científico Técnica Singular (ICTS)";"ICTS en Red";"None";"None";"None";"None";"None";"Sin localización única";"https://www.res.es/";"None";"None";"ACTIVO";"None";"PIC";"None";"Port d'Informació Científica";"Infraestructura";"Infraestructura propia";"Carrer de Can Magrans, s/n, Bellaterra";"08193";"8.0";"Barcelona";"9.0";"Cataluña";"https://www.pic.es/";"None";"None";"ACTIVO"
"1233";"175";"176";"1257";"Nodos_ciber";"G84884501";"CIBERES";"CIBER ENFERMEDADES RESPIRATORIAS CIBERES";"CIBER Enfermedades Respiratorias";"Organismo público de I+D Estatal";"Centro de investigación en red";"Instituto de Salud Carlos III, Calle Monforte de Lemos 3-5";"20014";"20.0";"Gipuzkoa";"16.0";"País Vasco";"http://www.ciberes.org";"None";"None";"ACTIVO";"None";"None";"None";"Hospital Universitario de Getafe";"Hospital";"Hospital Público";"Carretera. Toledo km. 12,5, Getafe";"28905";"28.0";"Madrid";"13.0";"Madrid, Comunidad de";"https://www.comunidad.madrid/hospital/getafe/";"None";"None";"ACTIVO"
"1543";"843";"851";"1592";"Orgánica Directa";"Q2818014I";"UCM";"Universidad Complutense de Madrid";"Universidad Complutense de Madrid";"Universidad";"Universidad Pública";"Avenida Séneca, 2";"28040";"28.0";"Madrid";"13.0";"Madrid, Comunidad de";"https://www.ucm.es/";"None";"None";"ACTIVO";"None";"ICEJC";"None";"Instituto Universitario de Estudios Jurídicos Críticos";"Centro de Investigación";"Centro/Instituto Propio";"Ciudad Universitaria, s/n";"28040";"28.0";"Madrid";"13.0";"Madrid, Comunidad de";"https://www.ucm.es/icejc";"None";"None";"ACTIVO"
"1577";"835";"843";"1626";"Orgánica Directa";"Q0818002H";"UAB";"Universidad Autónoma de Barcelona";"Universidad Autónoma de Barcelona";"Universidad";"Universidad Pública";"Plaça Cívica, Campus de la UAB, Bellaterra";"08193";"8.0";"Barcelona";"9.0";"Cataluña";"https://www.uab.cat/es/";"None";"None";"ACTIVO";"None";"IGOP";"None";"Instituto de Gobierno y Políticas Públicas";"Centro de Investigación";"Centro/Instituto Propio";"Campus de Bellaterra, Cerdanyola del Vallès";"8193";"8.0";"Barcelona";"9.0";"Cataluña";"https://igop.uab.cat/es/";"None";"None";"ACTIVO"
"732";"1030";"1044";"739";"Nodos_ciber";"None";"CIBERSAM";"None";"CIBER Salud Mental";"Organismo público de I+D Estatal";"Centro de investigación en red";"Calle Monforte de Lemos 3-5";"28029";"28.0";"Madrid";"13.0";"Madrid, Comunidad de";"https://www.cibersam.es/";"None";"None";"ACTIVO";"IISA-017";"IISGM";"INSTITUTO DE INVESTIGACION SANITARIA DEL HOSPITAL GREGORIO MARAÑON";"Instituto de Investigación Sanitaria del Hospital Gregorio Marañón";"Instituto de Investigación Sanitaria (IIS)";"Instituto de Investigación Sanitaria Acreditado";"Calle Dr. Esquerdo, 46";"28007";"28.0";"Madrid";"13.0";"Madrid, Comunidad de";"https://www.iisgm.com/";"None";"None";"ACTIVO"
"1858";"725";"732";"1908";"Vinculada";"IISA-010";"IISFJD";"INSTITUTO DE INVESTIGACION SANITARIA FUNDACION JIMENEZ DIAZ";"Instituto de Investigación Sanitaria Fundación Jiménez Díaz";"Instituto de Investigación Sanitaria (IIS)";"Instituto de Investigación Sanitaria Acreditado";"Avenida Reyes Católicos, 2";"28040";"28.0";"Madrid";"13.0";"Madrid, Comunidad de";"https://www.fjd.es/iis_fjd";"None";"None";"ACTIVO";"G85874949";"FIIS - DID";"FUNDACION INSTITUTO DE INVESTIGACION SANITARIA FUNDACION JIMENEZ DIAZ";"Fundación Instituto de Investigación Sanitaria Fundación Jiménez Díaz";"Entidad de Gestión, Promoción y Fomento de la I+D";"Entidad Gestora IISA";"None";"28040";"28.0";"Madrid";"13.0";"Madrid, Comunidad de";"None";"None";"None";"ACTIVO"
"842";"933";"947";"850";"Punto de presencia de ICTS";"None";"REDIRIS";"Red Académica y de Investigación Española (RedIRIS)";"Red Académica y de Investigación Española";"Infraestructura Científico Técnica Singular (ICTS)";"ICTS en Red";"None";"None";"None";"Madrid";"None";"Sin localización única";"https://www.rediris.es/";"None";"None";"ACTIVO";"Q1368009E";"UCLM";"Universidad de Castilla-La Mancha";"Universidad de Castilla - La Mancha";"Universidad";"Universidad Pública";"Calle Altagracia, 50, Rectorado UCLM, Ciudad Real";"13001";"13.0";"Ciudad Real";"8.0";"Castilla - La Mancha";"https://www.uclm.es/";"None";"None";"ACTIVO"
"1312";"878";"886";"1340";"Orgánica Directa";"Q4718001C";"UVA";"Universidad de Valladolid";"Universidad de Valladolid";"Universidad";"Universidad Pública";"Plaza de Santa Cruz, 8";"47002";"47.0";"Valladolid";"7.0";"Castilla y León";"https://www.uva.es/";"None";"None";"ACTIVO";"None";"IUU";"None";"Instituto Universitario de Urbanística";"Centro de Investigación";"Centro/Instituto propio";"Avenida Salamanca, 18";"47014";"47.0";"Valladolid";"7.0";"Castilla y León";"https://iuu.uva.es/inicio/";"None";"None";"ACTIVO"
"1448";"847";"855";"1495";"Orgánica Directa";"Q1818002F";"UGR";"Universidad de Granada";"Universidad de Granada";"Universidad";"Universidad Pública";"Hospital Real, Avenida del Hospicio, s/n";"18010";"18.0";"Granada";"1.0";"Andalucía";"https://www.ugr.es/";"None";"None";"ACTIVO";"None";"Iemath-Ugr";"None";"Instituto Universitario de Matemáticas";"Centro de Investigación";"Centro/Instituto Propio";"Calle Ventanilla,";"18071";"18.0";"Granada";"1.0";"Andalucía";"https://www.ugr.es/universidad/organizacion/entidades/instituto-universitario-matematicas-iemath-ugr";"None";"None";"ACTIVO"
"333";"845";"853";"337";"Orgánica Directa";"Q0618001B";"UNEX";"Universidad de Extremadura";"Universidad de Extremadura";"Universidad";"Universidad Pública";"Avenida de Elvas, s/n";"06006";"6.0";"Badajoz";"11.0";"Extremadura";"https://www.unex.es/";"None";"None";"ACTIVO";"None";"CICAB";"CENTRO DE INVESTIGACION CLINICA DEL AREA DE BADAJOZ";"Centro de Investigación Clínica del Área de Badajoz";"Centro de Investigación";"Centro/Instituto mixto";"Avenida de Elvas, s/n";"06080";"6.0";"Badajoz";"11.0";"Extremadura";"https://www.uexfundacion.es/my-product/centro-de-investigacion-clinica-del-area-de-salud-de-badajoz/#";"None";"None";"ACTIVO"
"348";"880";"888";"352";"Orgánica Directa";"Q5018001G";"UNIZAR";"Universidad de Zaragoza";"Universidad de Zaragoza";"Universidad";"Universidad Pública";"Calle de Pedro Cerbuna, 12";"50009";"50.0";"Zaragoza";"2.0";"Aragón";"https://www.unizar.es/";"None";"None";"ACTIVO";"None";"IA2";"IUI MIXTO AGROALIMENTARIO DE ARAGON IA2";"IUI Mixto Agroalimentario de Aragón";"Centro de Investigación";"Centro/Instituto mixto";"Calle de Miguel Servet, 177, Universidad de Zaragoza";"50013";"50.0";"Zaragoza";"2.0";"Aragón";"http://ia2.unizar.es/";"None";"None";"ACTIVO"
"1957";"859";"867";"2008";"Vinculada";"Q2918001E";"UMA";"Universidad de Málaga";"Universidad de Málaga";"Universidad";"Universidad Pública";"Avenida de Cervantes, 2";"29016";"29.0";"Málaga";"1.0";"Andalucía";"https://www.uma.es/";"None";"None";"ACTIVO";"G29817301";"FGUM";"FUNDACION GENERAL DE LA UNIVERSIDAD DE MALAGA FGUM";"Fundación General de La Universidad de Malaga";"Entidad de Gestión, Promoción y Fomento de la I+D";"De universidad";"None";"29017";"29.0";"Málaga";"1.0";"Andalucía";"None";"None";"None";"ACTIVO"
