Id,Entidad,Origen_Solicitud,Identificadores_Origen,Entidad_Norm,CIF,CIF_validacion,Centro,Centro_Norm,Tipo,Provincia_Entidad,Pais_Entidad,Provincia_Centro,PIC,Tipo_Persona,Entidad_Match,Provincia_Match,Match,Final_Score,Id_Centro,Centro_Nombre_match,Centro_Provincia_match,Similitud_Centro
8194,AGENCIA ESTATAL CONSEJO SUPERIOR DE INVESTIGACIONES CIENTIFICAS (CSIC),ACT_NAC,600487,dpto biodiversidad y conservacion,,1,DPTO. BIODIVERSIDAD Y CONSERVACIÓN,dpto biodiversidad y conservacion,20501,,"724,0000",,,,consejo superior de investigaciones cientificas csic,28,NIF MCIN,0.2857143,8194,CENTRO DE ASTROBIOLOGIA,28.0,0.2857143
8195,AGENCIA ESTATAL CONSEJO SUPERIOR DE INVESTIGACIONES CIENTIFICAS (CSIC),ACT_NAC,600487,dpto biodiversidad y conservacion,,1,DPTO. BIODIVERSIDAD Y CONSERVACIÓN,dpto biodiversidad y conservacion,20501,,"724,0000",,,,consejo superior de investigaciones cientificas csic,28,NIF MCIN,0.32,8195,INSTITUTO DE BIOLOGIA FUNCIONAL Y GENOMICA,37.0,0.32
8196,AGENCIA ESTATAL CONSEJO SUPERIOR DE INVESTIGACIONES CIENTIFICAS (CSIC),ACT_NAC,600487,dpto biodiversidad y conservacion,,1,DPTO. BIODIVERSIDAD Y CONSERVACIÓN,dpto biodiversidad y conservacion,20501,,"724,0000",,,,consejo superior de investigaciones cientificas csic,28,NIF MCIN,0.16216215,8196,None,2.0,0.16216215
8197,AGENCIA ESTATAL CONSEJO SUPERIOR DE INVESTIGACIONES CIENTIFICAS (CSIC),ACT_NAC,600487,dpto biodiversidad y conservacion,,1,DPTO. BIODIVERSIDAD Y CONSERVACIÓN,dpto biodiversidad y conservacion,20501,,"724,0000",,,,consejo superior de investigaciones cientificas csic,28,NIF MCIN,0.14084508,8197,Oficina de proyectos del IGME Zaragoza,50.0,0.14084508
8198,AGENCIA ESTATAL CONSEJO SUPERIOR DE INVESTIGACIONES CIENTIFICAS (CSIC),ACT_NAC,600487,dpto biodiversidad y conservacion,,1,DPTO. BIODIVERSIDAD Y CONSERVACIÓN,dpto biodiversidad y conservacion,20501,,"724,0000",,,,consejo superior de investigaciones cientificas csic,28,NIF MCIN,0.29090908,8198,INSTITUTO DE FILOSOFIA,28.0,0.29090908
8199,AGENCIA ESTATAL CONSEJO SUPERIOR DE INVESTIGACIONES CIENTIFICAS (CSIC),ACT_NAC,600487,dpto biodiversidad y conservacion,,1,DPTO. BIODIVERSIDAD Y CONSERVACIÓN,dpto biodiversidad y conservacion,20501,,"724,0000",,,,consejo superior de investigaciones cientificas csic,28,NIF MCIN,0.3529412,8199,INSTITUTO DE ANALISIS ECONOMICO (IAE),8.0,0.3529412
8200,AGENCIA ESTATAL CONSEJO SUPERIOR DE INVESTIGACIONES CIENTIFICAS (CSIC),ACT_NAC,600487,dpto biodiversidad y conservacion,,1,DPTO. BIODIVERSIDAD Y CONSERVACIÓN,dpto biodiversidad y conservacion,20501,,"724,0000",,,,consejo superior de investigaciones cientificas csic,28,NIF MCIN,0.27586207,8200,INSTITUTO DE DIAGNOSTICO AMBIENTAL Y ESTUDIOS DEL AGUA,8.0,0.27586207
8201,AGENCIA ESTATAL CONSEJO SUPERIOR DE INVESTIGACIONES CIENTIFICAS (CSIC),ACT_NAC,600487,dpto biodiversidad y conservacion,,1,DPTO. BIODIVERSIDAD Y CONSERVACIÓN,dpto biodiversidad y conservacion,20501,,"724,0000",,,,consejo superior de investigaciones cientificas csic,28,NIF MCIN,0.22222222,8201,CONSORCI CENTRE DE RECERCA ECOLOGICA I APLICACIONS FORESTALS CREAF,8.0,0.22222222
8202,AGENCIA ESTATAL CONSEJO SUPERIOR DE INVESTIGACIONES CIENTIFICAS (CSIC),ACT_NAC,288666,instituto de la grasa ig,,1,INSTITUTO DE LA GRASA (IG),instituto de la grasa ig,20501,,"724,0000",,,,consejo superior de investigaciones cientificas csic,28,NIF MCIN,0.4680851,8202,CENTRO DE ASTROBIOLOGIA,28.0,0.4680851
8203,AGENCIA ESTATAL CONSEJO SUPERIOR DE INVESTIGACIONES CIENTIFICAS (CSIC),ACT_NAC,288666,instituto de la grasa ig,,1,INSTITUTO DE LA GRASA (IG),instituto de la grasa ig,20501,,"724,0000",,,,consejo superior de investigaciones cientificas csic,28,NIF MCIN,0.54545456,8203,INSTITUTO DE BIOLOGIA FUNCIONAL Y GENOMICA,37.0,0.54545456
8204,AGENCIA ESTATAL CONSEJO SUPERIOR DE INVESTIGACIONES CIENTIFICAS (CSIC),ACT_NAC,288666,instituto de la grasa ig,,1,INSTITUTO DE LA GRASA (IG),instituto de la grasa ig,20501,,"724,0000",,,,consejo superior de investigaciones cientificas csic,28,NIF MCIN,0.21428572,8204,None,2.0,0.21428572
8205,AGENCIA ESTATAL CONSEJO SUPERIOR DE INVESTIGACIONES CIENTIFICAS (CSIC),ACT_NAC,288666,instituto de la grasa ig,,1,INSTITUTO DE LA GRASA (IG),instituto de la grasa ig,20501,,"724,0000",,,,consejo superior de investigaciones cientificas csic,28,NIF MCIN,0.3548387,8205,Oficina de proyectos del IGME Zaragoza,50.0,0.3548387
8206,AGENCIA ESTATAL CONSEJO SUPERIOR DE INVESTIGACIONES CIENTIFICAS (CSIC),ACT_NAC,288666,instituto de la grasa ig,,1,INSTITUTO DE LA GRASA (IG),instituto de la grasa ig,20501,,"724,0000",,,,consejo superior de investigaciones cientificas csic,28,NIF MCIN,0.6086956,8206,INSTITUTO DE FILOSOFIA,28.0,0.6086956
8207,AGENCIA ESTATAL CONSEJO SUPERIOR DE INVESTIGACIONES CIENTIFICAS (CSIC),ACT_NAC,288666,instituto de la grasa ig,,1,INSTITUTO DE LA GRASA (IG),instituto de la grasa ig,20501,,"724,0000",,,,consejo superior de investigaciones cientificas csic,28,NIF MCIN,0.6101695,8207,INSTITUTO DE ANALISIS ECONOMICO (IAE),8.0,0.6101695
8208,AGENCIA ESTATAL CONSEJO SUPERIOR DE INVESTIGACIONES CIENTIFICAS (CSIC),ACT_NAC,288666,instituto de la grasa ig,,1,INSTITUTO DE LA GRASA (IG),instituto de la grasa ig,20501,,"724,0000",,,,consejo superior de investigaciones cientificas csic,28,NIF MCIN,0.3846154,8208,INSTITUTO DE DIAGNOSTICO AMBIENTAL Y ESTUDIOS DEL AGUA,8.0,0.3846154
8209,AGENCIA ESTATAL CONSEJO SUPERIOR DE INVESTIGACIONES CIENTIFICAS (CSIC),ACT_NAC,288666,instituto de la grasa ig,,1,INSTITUTO DE LA GRASA (IG),instituto de la grasa ig,20501,,"724,0000",,,,consejo superior de investigaciones cientificas csic,28,NIF MCIN,0.2888889,8209,CONSORCI CENTRE DE RECERCA ECOLOGICA I APLICACIONS FORESTALS CREAF,8.0,0.2888889
8210,Universidad de Zaragoza,ACT_NAC,290007,77,,1,77,77,20101,,"724,0000",,,,universidad de zaragoza,50,NIF MCIN,0.0,8210,IUI MIXTO AGROALIMENTARIO DE ARAGON IA2,50.0,0.0
8211,Universidad de Zaragoza,ACT_NAC,290007,77,,1,77,77,20101,,"724,0000",,,,universidad de zaragoza,50,NIF MCIN,0.0,8211,INSTITUTO DE CIENCIA DE MATERIALES DE ARAGON,50.0,0.0
8212,Universidad de Zaragoza,ACT_NAC,290007,77,,1,77,77,20101,,"724,0000",,,,universidad de zaragoza,50,NIF MCIN,0.0,8212,FUNDACION ARAGONESA PARA EL DESARROLLO DE LA OBSERVACION DE LA TIERRA,22.0,0.0
8213,Universidad de Zaragoza,ACT_NAC,290007,77,,1,77,77,20101,,"724,0000",,,,universidad de zaragoza,50,NIF MCIN,0.0,8213,None,50.0,0.0
8214,UNIVERSIDAD DE ALCALA,ACT_NAC,416193,centro de alta tecnologia y homologacion catechom,,1,CENTRO DE ALTA TECNOLOGIA Y HOMOLOGACION -CATECHOM-,centro de alta tecnologia y homologacion catechom,20101,,"724,0000",,,,universidad de alcala,28,NIF MCIN,0.1509434,8214,None,28.0,0.1509434
8215,UNIVERSIDAD DE MURCIA,ACT_NAC,752426,facultad de quimica,,1,FACULTAD DE QUIMICA,facultad de quimica,20101,,"724,0000",,,,universidad de murcia,30,NIF MCIN,0.08695652,8215,None,30.0,0.08695652
8216,UNIVERSIDAD DE MURCIA,ACT_NAC,752426,facultad de quimica,,1,FACULTAD DE QUIMICA,facultad de quimica,20101,,"724,0000",,,,universidad de murcia,30,NIF MCIN,0.08695652,8216,None,30.0,0.08695652
8217,UNIVERSIDAD DE MURCIA,ACT_NAC,458313,facultad de veterinaria,,1,FACULTAD DE VETERINARIA,facultad de veterinaria,20101,,"724,0000",,,,universidad de murcia,30,NIF MCIN,0.074074075,8217,None,30.0,0.074074075
8218,UNIVERSIDAD DE MURCIA,ACT_NAC,458313,facultad de veterinaria,,1,FACULTAD DE VETERINARIA,facultad de veterinaria,20101,,"724,0000",,,,universidad de murcia,30,NIF MCIN,0.074074075,8218,None,30.0,0.074074075
8219,UNIVERSIDAD DE MURCIA,ACT_NAC,134283,laib imib instituto murciano de investigaciones biomedicas,,1,LAIB. IMIB (Instituto Murciano de Investigaciones Biomédicas),laib imib instituto murciano de investigaciones biomedicas,20101,,"724,0000",,,,universidad de murcia,30,NIF MCIN,0.12903225,8219,None,30.0,0.12903225
8220,UNIVERSIDAD DE MURCIA,ACT_NAC,134283,laib imib instituto murciano de investigaciones biomedicas,,1,LAIB. IMIB (Instituto Murciano de Investigaciones Biomédicas),laib imib instituto murciano de investigaciones biomedicas,20101,,"724,0000",,,,universidad de murcia,30,NIF MCIN,0.12903225,8220,None,30.0,0.12903225
8221,AGENCIA ESTATAL CONSEJO SUPERIOR DE INVESTIGACIONES CIENTIFICAS (CSIC),ACT_NAC,566117,instituto cajal actual,,1,INSTITUTO CAJAL (ACTUAL),instituto cajal actual,20501,,"724,0000",,,,consejo superior de investigaciones cientificas csic,28,NIF MCIN,0.35555556,8221,CENTRO DE ASTROBIOLOGIA,28.0,0.35555556
8222,AGENCIA ESTATAL CONSEJO SUPERIOR DE INVESTIGACIONES CIENTIFICAS (CSIC),ACT_NAC,566117,instituto cajal actual,,1,INSTITUTO CAJAL (ACTUAL),instituto cajal actual,20501,,"724,0000",,,,consejo superior de investigaciones cientificas csic,28,NIF MCIN,0.5,8222,INSTITUTO DE BIOLOGIA FUNCIONAL Y GENOMICA,37.0,0.5
8223,AGENCIA ESTATAL CONSEJO SUPERIOR DE INVESTIGACIONES CIENTIFICAS (CSIC),ACT_NAC,566117,instituto cajal actual,,1,INSTITUTO CAJAL (ACTUAL),instituto cajal actual,20501,,"724,0000",,,,consejo superior de investigaciones cientificas csic,28,NIF MCIN,0.15384616,8223,None,2.0,0.15384616
8224,AGENCIA ESTATAL CONSEJO SUPERIOR DE INVESTIGACIONES CIENTIFICAS (CSIC),ACT_NAC,566117,instituto cajal actual,,1,INSTITUTO CAJAL (ACTUAL),instituto cajal actual,20501,,"724,0000",,,,consejo superior de investigaciones cientificas csic,28,NIF MCIN,0.23333333,8224,Oficina de proyectos del IGME Zaragoza,50.0,0.23333333
8225,AGENCIA ESTATAL CONSEJO SUPERIOR DE INVESTIGACIONES CIENTIFICAS (CSIC),ACT_NAC,566117,instituto cajal actual,,1,INSTITUTO CAJAL (ACTUAL),instituto cajal actual,20501,,"724,0000",,,,consejo superior de investigaciones cientificas csic,28,NIF MCIN,0.54545456,8225,INSTITUTO DE FILOSOFIA,28.0,0.54545456
8226,AGENCIA ESTATAL CONSEJO SUPERIOR DE INVESTIGACIONES CIENTIFICAS (CSIC),ACT_NAC,566117,instituto cajal actual,,1,INSTITUTO CAJAL (ACTUAL),instituto cajal actual,20501,,"724,0000",,,,consejo superior de investigaciones cientificas csic,28,NIF MCIN,0.49122807,8226,INSTITUTO DE ANALISIS ECONOMICO (IAE),8.0,0.49122807
8227,AGENCIA ESTATAL CONSEJO SUPERIOR DE INVESTIGACIONES CIENTIFICAS (CSIC),ACT_NAC,566117,instituto cajal actual,,1,INSTITUTO CAJAL (ACTUAL),instituto cajal actual,20501,,"724,0000",,,,consejo superior de investigaciones cientificas csic,28,NIF MCIN,0.4473684,8227,INSTITUTO DE DIAGNOSTICO AMBIENTAL Y ESTUDIOS DEL AGUA,8.0,0.4473684
8228,AGENCIA ESTATAL CONSEJO SUPERIOR DE INVESTIGACIONES CIENTIFICAS (CSIC),ACT_NAC,566117,instituto cajal actual,,1,INSTITUTO CAJAL (ACTUAL),instituto cajal actual,20501,,"724,0000",,,,consejo superior de investigaciones cientificas csic,28,NIF MCIN,0.29545453,8228,CONSORCI CENTRE DE RECERCA ECOLOGICA I APLICACIONS FORESTALS CREAF,8.0,0.29545453
8229,Agencia Estatal Consejo Superior de Investigaciones Científicas,ACT_NAC,540810,77,,1,77,77,20501,,"724,0000",,,,consejo superior de investigaciones cientificas csic,28,NIF MCIN,0.0,8229,CENTRO DE ASTROBIOLOGIA,28.0,0.0
8230,Agencia Estatal Consejo Superior de Investigaciones Científicas,ACT_NAC,540810,77,,1,77,77,20501,,"724,0000",,,,consejo superior de investigaciones cientificas csic,28,NIF MCIN,0.0,8230,INSTITUTO DE BIOLOGIA FUNCIONAL Y GENOMICA,37.0,0.0
8231,Agencia Estatal Consejo Superior de Investigaciones Científicas,ACT_NAC,540810,77,,1,77,77,20501,,"724,0000",,,,consejo superior de investigaciones cientificas csic,28,NIF MCIN,0.0,8231,None,2.0,0.0
8232,Agencia Estatal Consejo Superior de Investigaciones Científicas,ACT_NAC,540810,77,,1,77,77,20501,,"724,0000",,,,consejo superior de investigaciones cientificas csic,28,NIF MCIN,0.0,8232,Oficina de proyectos del IGME Zaragoza,50.0,0.0
8233,Agencia Estatal Consejo Superior de Investigaciones Científicas,ACT_NAC,540810,77,,1,77,77,20501,,"724,0000",,,,consejo superior de investigaciones cientificas csic,28,NIF MCIN,0.0,8233,INSTITUTO DE FILOSOFIA,28.0,0.0
8234,Agencia Estatal Consejo Superior de Investigaciones Científicas,ACT_NAC,540810,77,,1,77,77,20501,,"724,0000",,,,consejo superior de investigaciones cientificas csic,28,NIF MCIN,0.0,8234,INSTITUTO DE ANALISIS ECONOMICO (IAE),8.0,0.0
8235,Agencia Estatal Consejo Superior de Investigaciones Científicas,ACT_NAC,540810,77,,1,77,77,20501,,"724,0000",,,,consejo superior de investigaciones cientificas csic,28,NIF MCIN,0.0,8235,INSTITUTO DE DIAGNOSTICO AMBIENTAL Y ESTUDIOS DEL AGUA,8.0,0.0
8236,Agencia Estatal Consejo Superior de Investigaciones Científicas,ACT_NAC,540810,77,,1,77,77,20501,,"724,0000",,,,consejo superior de investigaciones cientificas csic,28,NIF MCIN,0.0,8236,CONSORCI CENTRE DE RECERCA ECOLOGICA I APLICACIONS FORESTALS CREAF,8.0,0.0
8237,UNIVERSIDADE DE SANTIAGO DE COMPOSTELA,ACT_NAC,460343,escuela politecnica superior lugo,,1,ESCUELA POLITECNICA SUPERIOR. LUGO,escuela politecnica superior lugo,20101,,"724,0000",,,,universidad de santiago de compostela,15,NIF MCIN,0.10810811,8237,None,27.0,0.10810811
8238,UNIVERSIDADE DE SANTIAGO DE COMPOSTELA,ACT_NAC,460343,escuela politecnica superior lugo,,1,ESCUELA POLITECNICA SUPERIOR. LUGO,escuela politecnica superior lugo,20101,,"724,0000",,,,universidad de santiago de compostela,15,NIF MCIN,0.33707866,8238,CONSORCIO INSTITUTO TECNOLOGICO DE MATEMATICA INDUSTRIAL,15.0,0.33707866
8239,UNIVERSIDAD DE MALAGA,ACT_NAC,341928,77,,1,77,77,20101,,"724,0000",,,,universidad de malaga,29,NIF MCIN,0.0,8239,FUNDACION GENERAL DE LA UNIVERSIDAD DE MALAGA FGUM,29.0,0.0
8240,AGENCIA ESTATAL CONSEJO SUPERIOR DE INVESTIGACIONES CIENTIFICAS (CSIC),ACT_NAC,546317,instituto de ciencia y tecnologia de polimeros ictp,,1,INSTITUTO DE CIENCIA Y TECNOLOGIA DE POLIMEROS (ICTP),instituto de ciencia y tecnologia de polimeros ictp,20501,,"724,0000",,,,consejo superior de investigaciones cientificas csic,28,NIF MCIN,0.4054054,8240,CENTRO DE ASTROBIOLOGIA,28.0,0.4054054
8241,AGENCIA ESTATAL CONSEJO SUPERIOR DE INVESTIGACIONES CIENTIFICAS (CSIC),ACT_NAC,546317,instituto de ciencia y tecnologia de polimeros ictp,,1,INSTITUTO DE CIENCIA Y TECNOLOGIA DE POLIMEROS (ICTP),instituto de ciencia y tecnologia de polimeros ictp,20501,,"724,0000",,,,consejo superior de investigaciones cientificas csic,28,NIF MCIN,0.5591398,8241,INSTITUTO DE BIOLOGIA FUNCIONAL Y GENOMICA,37.0,0.5591398
8242,AGENCIA ESTATAL CONSEJO SUPERIOR DE INVESTIGACIONES CIENTIFICAS (CSIC),ACT_NAC,546317,instituto de ciencia y tecnologia de polimeros ictp,,1,INSTITUTO DE CIENCIA Y TECNOLOGIA DE POLIMEROS (ICTP),instituto de ciencia y tecnologia de polimeros ictp,20501,,"724,0000",,,,consejo superior de investigaciones cientificas csic,28,NIF MCIN,0.10909091,8242,None,2.0,0.10909091
8243,AGENCIA ESTATAL CONSEJO SUPERIOR DE INVESTIGACIONES CIENTIFICAS (CSIC),ACT_NAC,546317,instituto de ciencia y tecnologia de polimeros ictp,,1,INSTITUTO DE CIENCIA Y TECNOLOGIA DE POLIMEROS (ICTP),instituto de ciencia y tecnologia de polimeros ictp,20501,,"724,0000",,,,consejo superior de investigaciones cientificas csic,28,NIF MCIN,0.33707866,8243,Oficina de proyectos del IGME Zaragoza,50.0,0.33707866
8244,AGENCIA ESTATAL CONSEJO SUPERIOR DE INVESTIGACIONES CIENTIFICAS (CSIC),ACT_NAC,546317,instituto de ciencia y tecnologia de polimeros ictp,,1,INSTITUTO DE CIENCIA Y TECNOLOGIA DE POLIMEROS (ICTP),instituto de ciencia y tecnologia de polimeros ictp,20501,,"724,0000",,,,consejo superior de investigaciones cientificas csic,28,NIF MCIN,0.49315068,8244,INSTITUTO DE FILOSOFIA,28.0,0.49315068
8245,AGENCIA ESTATAL CONSEJO SUPERIOR DE INVESTIGACIONES CIENTIFICAS (CSIC),ACT_NAC,546317,instituto de ciencia y tecnologia de polimeros ictp,,1,INSTITUTO DE CIENCIA Y TECNOLOGIA DE POLIMEROS (ICTP),instituto de ciencia y tecnologia de polimeros ictp,20501,,"724,0000",,,,consejo superior de investigaciones cientificas csic,28,NIF MCIN,0.5116279,8245,INSTITUTO DE ANALISIS ECONOMICO (IAE),8.0,0.5116279
8246,AGENCIA ESTATAL CONSEJO SUPERIOR DE INVESTIGACIONES CIENTIFICAS (CSIC),ACT_NAC,546317,instituto de ciencia y tecnologia de polimeros ictp,,1,INSTITUTO DE CIENCIA Y TECNOLOGIA DE POLIMEROS (ICTP),instituto de ciencia y tecnologia de polimeros ictp,20501,,"724,0000",,,,consejo superior de investigaciones cientificas csic,28,NIF MCIN,0.51428574,8246,INSTITUTO DE DIAGNOSTICO AMBIENTAL Y ESTUDIOS DEL AGUA,8.0,0.51428574
8247,AGENCIA ESTATAL CONSEJO SUPERIOR DE INVESTIGACIONES CIENTIFICAS (CSIC),ACT_NAC,546317,instituto de ciencia y tecnologia de polimeros ictp,,1,INSTITUTO DE CIENCIA Y TECNOLOGIA DE POLIMEROS (ICTP),instituto de ciencia y tecnologia de polimeros ictp,20501,,"724,0000",,,,consejo superior de investigaciones cientificas csic,28,NIF MCIN,0.41025642,8247,CONSORCI CENTRE DE RECERCA ECOLOGICA I APLICACIONS FORESTALS CREAF,8.0,0.41025642
8248,Universidad de Zaragoza,ACT_NAC,257572,universidad de zaragoza,,1,Universidad de Zaragoza,universidad de zaragoza,20101,,"724,0000",,,,universidad de zaragoza,50,NIF MCIN,0.41935483,8248,IUI MIXTO AGROALIMENTARIO DE ARAGON IA2,50.0,0.41935483
8249,Universidad de Zaragoza,ACT_NAC,257572,universidad de zaragoza,,1,Universidad de Zaragoza,universidad de zaragoza,20101,,"724,0000",,,,universidad de zaragoza,50,NIF MCIN,0.35820895,8249,INSTITUTO DE CIENCIA DE MATERIALES DE ARAGON,50.0,0.35820895
8250,Universidad de Zaragoza,ACT_NAC,257572,universidad de zaragoza,,1,Universidad de Zaragoza,universidad de zaragoza,20101,,"724,0000",,,,universidad de zaragoza,50,NIF MCIN,0.23913044,8250,FUNDACION ARAGONESA PARA EL DESARROLLO DE LA OBSERVACION DE LA TIERRA,22.0,0.23913044
8251,Universidad de Zaragoza,ACT_NAC,257572,universidad de zaragoza,,1,Universidad de Zaragoza,universidad de zaragoza,20101,,"724,0000",,,,universidad de zaragoza,50,NIF MCIN,0.14814815,8251,None,50.0,0.14814815
8252,Universidad de Sevilla,ACT_NAC,740121,facultad de biologia,,1,Facultad de Biología,facultad de biologia,20101,,"724,0000",,,,universidad de sevilla,41,NIF MCIN,0.4,8252,CENTRO ANDALUZ DE BIOLOGIA MOLECULAR Y MEDICINA REGENERATIVA,41.0,0.4
8253,Universidad de Valladolid,ACT_NAC,347037,facultad de ciencias,,1,Facultad de Ciencias,facultad de ciencias,20101,,"724,0000",,,,universidad de valladolid,47,NIF MCIN,0.083333336,8253,None,47.0,0.083333336
8254,Universidad de Valladolid,ACT_NAC,347037,facultad de ciencias,,1,Facultad de Ciencias,facultad de ciencias,20101,,"724,0000",,,,universidad de valladolid,47,NIF MCIN,0.3188406,8254,FUNDACION GENERAL DE LA UNIVERSIDAD DE VALLADOLID,47.0,0.3188406
8255,Universidad Complutense de Madrid,ACT_NAC,542796,77,,1,77,77,20101,,"724,0000",,,,universidad complutense de madrid,28,NIF MCIN,0.0,8255,None,28.0,0.0
8256,Universidad Complutense de Madrid,ACT_NAC,542796,77,,1,77,77,20101,,"724,0000",,,,universidad complutense de madrid,28,NIF MCIN,0.0,8256,None,28.0,0.0
8257,Universidad Complutense de Madrid,ACT_NAC,542796,77,,1,77,77,20101,,"724,0000",,,,universidad complutense de madrid,28,NIF MCIN,0.0,8257,None,28.0,0.0
8258,Universidad de Vigo,ACT_NAC,347745,facultad de ciencias juridicas y del tra,,1,Facultad de Ciencias Jurídicas y del Tra,facultad de ciencias juridicas y del tra,20101,,"724,0000",,,,universidad de vigo,36,NIF MCIN,0.32876712,8258,CENTRO TECNOLOGICO DEL MAR CETMAR,36.0,0.32876712
8259,UNIVERSIDAD AUTONOMA DE BARCELONA,ACT_NAC,476872,universidad autonoma de barcelona,,1,UNIVERSIDAD AUTONOMA DE BARCELONA,universidad autonoma de barcelona,20101,,"724,0000",,,,universidad autonoma de barcelona,8,NIF MCIN,0.16216215,8259,None,8.0,0.16216215
8260,UNIVERSIDAD AUTONOMA DE BARCELONA,ACT_NAC,476872,universidad autonoma de barcelona,,1,UNIVERSIDAD AUTONOMA DE BARCELONA,universidad autonoma de barcelona,20101,,"724,0000",,,,universidad autonoma de barcelona,8,NIF MCIN,0.22222222,8260,CONSORCI INSTITUT DE FISICA DALTES ENERGIES IFAE,8.0,0.22222222
8261,UNIVERSIDAD AUTONOMA DE BARCELONA,ACT_NAC,476872,universidad autonoma de barcelona,,1,UNIVERSIDAD AUTONOMA DE BARCELONA,universidad autonoma de barcelona,20101,,"724,0000",,,,universidad autonoma de barcelona,8,NIF MCIN,0.16216215,8261,None,8.0,0.16216215
8262,UNIVERSIDAD DE LA LAGUNA,ACT_NAC,455715,departamento de geografia e historia,,1,DEPARTAMENTO DE GEOGRAFÍA E HISTORIA,departamento de geografia e historia,20101,,"724,0000",,,,universidad de la laguna,38,NIF MCIN,0.30952382,8262,FUNDACION GENERAL DE LA UNIVERSIDAD DE LA LAGUNA,38.0,0.30952382
8263,UNIVERSIDAD DE LA LAGUNA,ACT_NAC,455715,departamento de geografia e historia,,1,DEPARTAMENTO DE GEOGRAFÍA E HISTORIA,departamento de geografia e historia,20101,,"724,0000",,,,universidad de la laguna,38,NIF MCIN,0.15,8263,None,38.0,0.15
8264,UNIVERSIDAD AUTONOMA DE BARCELONA,ACT_NAC,710309,facultad de ciencias,,1,FACULTAD DE CIENCIAS,facultad de ciencias,20101,,"724,0000",,,,universidad autonoma de barcelona,8,NIF MCIN,0.083333336,8264,None,8.0,0.083333336
8265,UNIVERSIDAD AUTONOMA DE BARCELONA,ACT_NAC,710309,facultad de ciencias,,1,FACULTAD DE CIENCIAS,facultad de ciencias,20101,,"724,0000",,,,universidad autonoma de barcelona,8,NIF MCIN,0.32352942,8265,CONSORCI INSTITUT DE FISICA DALTES ENERGIES IFAE,8.0,0.32352942
8266,UNIVERSIDAD AUTONOMA DE BARCELONA,ACT_NAC,710309,facultad de ciencias,,1,FACULTAD DE CIENCIAS,facultad de ciencias,20101,,"724,0000",,,,universidad autonoma de barcelona,8,NIF MCIN,0.083333336,8266,None,8.0,0.083333336
8267,Universidad de Sevilla,ACT_NAC,344582,escuela tecnica superior de arquitectura,,1,Escuela Técnica Superior de Arquitectura,escuela tecnica superior de arquitectura,20101,,"724,0000",,,,universidad de sevilla,41,NIF MCIN,0.3,8267,CENTRO ANDALUZ DE BIOLOGIA MOLECULAR Y MEDICINA REGENERATIVA,41.0,0.3
8268,UNIVERSIDAD DE VIGO,ACT_NAC,265675,escuela tecnica superior de ingenieros industriales,,1,ESCUELA TECNICA SUPERIOR DE INGENIEROS INDUSTRIALES,escuela tecnica superior de ingenieros industriales,20101,,"724,0000",,,,universidad de vigo,36,NIF MCIN,0.35714287,8268,CENTRO TECNOLOGICO DEL MAR CETMAR,36.0,0.35714287
8269,82-UNIVERSIDAD COMPLUTENSE DE MADRID,ACT_NAC,701576,informatica,,1,Informatica,informatica,29900,,"724,0000",,,,universidad complutense de madrid,28,NIF MCIN,0.26666668,8269,None,28.0,0.26666668
8270,82-UNIVERSIDAD COMPLUTENSE DE MADRID,ACT_NAC,701576,informatica,,1,Informatica,informatica,29900,,"724,0000",,,,universidad complutense de madrid,28,NIF MCIN,0.26666668,8270,None,28.0,0.26666668
8271,82-UNIVERSIDAD COMPLUTENSE DE MADRID,ACT_NAC,701576,informatica,,1,Informatica,informatica,29900,,"724,0000",,,,universidad complutense de madrid,28,NIF MCIN,0.26666668,8271,None,28.0,0.26666668
8272,UNIVERSIDAD POLITECNICA DE MADRID,ACT_NAC,478362,centro de biotecnologia y genomica de plantas cbgp,,1,CENTRO DE BIOTECNOLOGIA Y GENOMICA DE PLANTAS (CBGP),centro de biotecnologia y genomica de plantas cbgp,20101,,"724,0000",,,,universidad politecnica de madrid,28,NIF MCIN,0.4032258,8272,Magerit en el Centro de Supercomputación y Visualización de Madrid (CesViMa),28.0,0.4032258
8273,AGENCIA ESTATAL CONSEJO SUPERIOR DE INVESTIGACIONES CIENTIFICAS (CSIC),ACT_NAC,730386,instituto de agroquimica y tecnologia de alimentos iata,,1,INSTITUTO DE AGROQUIMICA Y TECNOLOGIA DE ALIMENTOS (IATA),instituto de agroquimica y tecnologia de alimentos iata,20501,,"724,0000",,,,consejo superior de investigaciones cientificas csic,28,NIF MCIN,0.43589744,8273,CENTRO DE ASTROBIOLOGIA,28.0,0.43589744
8274,AGENCIA ESTATAL CONSEJO SUPERIOR DE INVESTIGACIONES CIENTIFICAS (CSIC),ACT_NAC,730386,instituto de agroquimica y tecnologia de alimentos iata,,1,INSTITUTO DE AGROQUIMICA Y TECNOLOGIA DE ALIMENTOS (IATA),instituto de agroquimica y tecnologia de alimentos iata,20501,,"724,0000",,,,consejo superior de investigaciones cientificas csic,28,NIF MCIN,0.57731956,8274,INSTITUTO DE BIOLOGIA FUNCIONAL Y GENOMICA,37.0,0.57731956
8275,AGENCIA ESTATAL CONSEJO SUPERIOR DE INVESTIGACIONES CIENTIFICAS (CSIC),ACT_NAC,730386,instituto de agroquimica y tecnologia de alimentos iata,,1,INSTITUTO DE AGROQUIMICA Y TECNOLOGIA DE ALIMENTOS (IATA),instituto de agroquimica y tecnologia de alimentos iata,20501,,"724,0000",,,,consejo superior de investigaciones cientificas csic,28,NIF MCIN,0.10169491,8275,None,2.0,0.10169491
8276,AGENCIA ESTATAL CONSEJO SUPERIOR DE INVESTIGACIONES CIENTIFICAS (CSIC),ACT_NAC,730386,instituto de agroquimica y tecnologia de alimentos iata,,1,INSTITUTO DE AGROQUIMICA Y TECNOLOGIA DE ALIMENTOS (IATA),instituto de agroquimica y tecnologia de alimentos iata,20501,,"724,0000",,,,consejo superior de investigaciones cientificas csic,28,NIF MCIN,0.3655914,8276,Oficina de proyectos del IGME Zaragoza,50.0,0.3655914
8277,AGENCIA ESTATAL CONSEJO SUPERIOR DE INVESTIGACIONES CIENTIFICAS (CSIC),ACT_NAC,730386,instituto de agroquimica y tecnologia de alimentos iata,,1,INSTITUTO DE AGROQUIMICA Y TECNOLOGIA DE ALIMENTOS (IATA),instituto de agroquimica y tecnologia de alimentos iata,20501,,"724,0000",,,,consejo superior de investigaciones cientificas csic,28,NIF MCIN,0.46753246,8277,INSTITUTO DE FILOSOFIA,28.0,0.46753246
8278,AGENCIA ESTATAL CONSEJO SUPERIOR DE INVESTIGACIONES CIENTIFICAS (CSIC),ACT_NAC,730386,instituto de agroquimica y tecnologia de alimentos iata,,1,INSTITUTO DE AGROQUIMICA Y TECNOLOGIA DE ALIMENTOS (IATA),instituto de agroquimica y tecnologia de alimentos iata,20501,,"724,0000",,,,consejo superior de investigaciones cientificas csic,28,NIF MCIN,0.4888889,8278,INSTITUTO DE ANALISIS ECONOMICO (IAE),8.0,0.4888889
8279,AGENCIA ESTATAL CONSEJO SUPERIOR DE INVESTIGACIONES CIENTIFICAS (CSIC),ACT_NAC,730386,instituto de agroquimica y tecnologia de alimentos iata,,1,INSTITUTO DE AGROQUIMICA Y TECNOLOGIA DE ALIMENTOS (IATA),instituto de agroquimica y tecnologia de alimentos iata,20501,,"724,0000",,,,consejo superior de investigaciones cientificas csic,28,NIF MCIN,0.47706422,8279,INSTITUTO DE DIAGNOSTICO AMBIENTAL Y ESTUDIOS DEL AGUA,8.0,0.47706422
8280,AGENCIA ESTATAL CONSEJO SUPERIOR DE INVESTIGACIONES CIENTIFICAS (CSIC),ACT_NAC,730386,instituto de agroquimica y tecnologia de alimentos iata,,1,INSTITUTO DE AGROQUIMICA Y TECNOLOGIA DE ALIMENTOS (IATA),instituto de agroquimica y tecnologia de alimentos iata,20501,,"724,0000",,,,consejo superior de investigaciones cientificas csic,28,NIF MCIN,0.47933885,8280,CONSORCI CENTRE DE RECERCA ECOLOGICA I APLICACIONS FORESTALS CREAF,8.0,0.47933885
8281,UNIVERSIDAD COMPLUTENSE DE MADRID,ACT_NAC,486688,centro de asistencia a la investigacion de rmn y rse,,1,CENTRO DE ASISTENCIA A LA INVESTIGACIÓN DE RMN Y RSE,centro de asistencia a la investigacion de rmn y rse,20101,,"724,0000",,,,universidad complutense de madrid,28,NIF MCIN,0.14285715,8281,None,28.0,0.14285715
8282,UNIVERSIDAD COMPLUTENSE DE MADRID,ACT_NAC,486688,centro de asistencia a la investigacion de rmn y rse,,1,CENTRO DE ASISTENCIA A LA INVESTIGACIÓN DE RMN Y RSE,centro de asistencia a la investigacion de rmn y rse,20101,,"724,0000",,,,universidad complutense de madrid,28,NIF MCIN,0.14285715,8282,None,28.0,0.14285715
8283,UNIVERSIDAD COMPLUTENSE DE MADRID,ACT_NAC,486688,centro de asistencia a la investigacion de rmn y rse,,1,CENTRO DE ASISTENCIA A LA INVESTIGACIÓN DE RMN Y RSE,centro de asistencia a la investigacion de rmn y rse,20101,,"724,0000",,,,universidad complutense de madrid,28,NIF MCIN,0.14285715,8283,None,28.0,0.14285715
8284,UNIVERSITAT ROVIRA I VIRGILI,ACT_NAC,563031,facultad de letras,,1,FACULTAD DE LETRAS,facultad de letras,20101,,"724,0000",,,,universidad rovira i virgili,43,NIF MCIN,0.09090909,8284,None,43.0,0.09090909
8285,UNIVERSITAT ROVIRA I VIRGILI,ACT_NAC,563031,facultad de letras,,1,FACULTAD DE LETRAS,facultad de letras,20101,,"724,0000",,,,universidad rovira i virgili,43,NIF MCIN,0.09090909,8285,None,43.0,0.09090909
8286,UNIVERSITAT ROVIRA I VIRGILI,ACT_NAC,563031,facultad de letras,,1,FACULTAD DE LETRAS,facultad de letras,20101,,"724,0000",,,,universidad rovira i virgili,43,NIF MCIN,0.09090909,8286,None,43.0,0.09090909
8287,UNIVERSIDAD DE SEVILLA,ACT_NAC,617355,dpto geografia fisica y analisis geografico regional,,1,DPTO. GEOGRAFIA FISICA Y ANALISIS GEOGRAFICO REGIONAL,dpto geografia fisica y analisis geografico regional,20101,,"724,0000",,,,universidad de sevilla,41,NIF MCIN,0.3392857,8287,CENTRO ANDALUZ DE BIOLOGIA MOLECULAR Y MEDICINA REGENERATIVA,41.0,0.3392857
8288,AGENCIA ESTATAL CONSEJO SUPERIOR DE INVESTIGACIONES CIENTIFICAS (CSIC),ACT_NAC,729889,csic instituto de agrobiotecnologia,,1,CSIC-INSTITUTO DE AGROBIOTECNOLOGIA,csic instituto de agrobiotecnologia,20501,,"724,0000",,,,consejo superior de investigaciones cientificas csic,28,NIF MCIN,0.6551724,8288,CENTRO DE ASTROBIOLOGIA,28.0,0.6551724
8289,AGENCIA ESTATAL CONSEJO SUPERIOR DE INVESTIGACIONES CIENTIFICAS (CSIC),ACT_NAC,729889,csic instituto de agrobiotecnologia,,1,CSIC-INSTITUTO DE AGROBIOTECNOLOGIA,csic instituto de agrobiotecnologia,20501,,"724,0000",,,,consejo superior de investigaciones cientificas csic,28,NIF MCIN,0.54545456,8289,INSTITUTO DE BIOLOGIA FUNCIONAL Y GENOMICA,37.0,0.54545456
8290,AGENCIA ESTATAL CONSEJO SUPERIOR DE INVESTIGACIONES CIENTIFICAS (CSIC),ACT_NAC,729889,csic instituto de agrobiotecnologia,,1,CSIC-INSTITUTO DE AGROBIOTECNOLOGIA,csic instituto de agrobiotecnologia,20501,,"724,0000",,,,consejo superior de investigaciones cientificas csic,28,NIF MCIN,0.102564104,8290,None,2.0,0.102564104
8291,AGENCIA ESTATAL CONSEJO SUPERIOR DE INVESTIGACIONES CIENTIFICAS (CSIC),ACT_NAC,729889,csic instituto de agrobiotecnologia,,1,CSIC-INSTITUTO DE AGROBIOTECNOLOGIA,csic instituto de agrobiotecnologia,20501,,"724,0000",,,,consejo superior de investigaciones cientificas csic,28,NIF MCIN,0.43835616,8291,Oficina de proyectos del IGME Zaragoza,50.0,0.43835616
8292,AGENCIA ESTATAL CONSEJO SUPERIOR DE INVESTIGACIONES CIENTIFICAS (CSIC),ACT_NAC,729889,csic instituto de agrobiotecnologia,,1,CSIC-INSTITUTO DE AGROBIOTECNOLOGIA,csic instituto de agrobiotecnologia,20501,,"724,0000",,,,consejo superior de investigaciones cientificas csic,28,NIF MCIN,0.6315789,8292,INSTITUTO DE FILOSOFIA,28.0,0.6315789
8293,AGENCIA ESTATAL CONSEJO SUPERIOR DE INVESTIGACIONES CIENTIFICAS (CSIC),ACT_NAC,729889,csic instituto de agrobiotecnologia,,1,CSIC-INSTITUTO DE AGROBIOTECNOLOGIA,csic instituto de agrobiotecnologia,20501,,"724,0000",,,,consejo superior de investigaciones cientificas csic,28,NIF MCIN,0.62857145,8293,INSTITUTO DE ANALISIS ECONOMICO (IAE),8.0,0.62857145
8294,AGENCIA ESTATAL CONSEJO SUPERIOR DE INVESTIGACIONES CIENTIFICAS (CSIC),ACT_NAC,729889,csic instituto de agrobiotecnologia,,1,CSIC-INSTITUTO DE AGROBIOTECNOLOGIA,csic instituto de agrobiotecnologia,20501,,"724,0000",,,,consejo superior de investigaciones cientificas csic,28,NIF MCIN,0.33707866,8294,INSTITUTO DE DIAGNOSTICO AMBIENTAL Y ESTUDIOS DEL AGUA,8.0,0.33707866
8295,AGENCIA ESTATAL CONSEJO SUPERIOR DE INVESTIGACIONES CIENTIFICAS (CSIC),ACT_NAC,729889,csic instituto de agrobiotecnologia,,1,CSIC-INSTITUTO DE AGROBIOTECNOLOGIA,csic instituto de agrobiotecnologia,20501,,"724,0000",,,,consejo superior de investigaciones cientificas csic,28,NIF MCIN,0.33663365,8295,CONSORCI CENTRE DE RECERCA ECOLOGICA I APLICACIONS FORESTALS CREAF,8.0,0.33663365
8296,UNIVERSIDAD COMPLUTENSE DE MADRID,ACT_NAC,92115,77,,1,77,77,20101,,"724,0000",,,,universidad complutense de madrid,28,NIF MCIN,0.0,8296,None,28.0,0.0
8297,UNIVERSIDAD COMPLUTENSE DE MADRID,ACT_NAC,92115,77,,1,77,77,20101,,"724,0000",,,,universidad complutense de madrid,28,NIF MCIN,0.0,8297,None,28.0,0.0
8298,UNIVERSIDAD COMPLUTENSE DE MADRID,ACT_NAC,92115,77,,1,77,77,20101,,"724,0000",,,,universidad complutense de madrid,28,NIF MCIN,0.0,8298,None,28.0,0.0
8299,Universitat de València,ACT_NAC,181342,77,,1,77,77,20101,,"724,0000",,,,universitat de valencia,46,NIF MCIN,0.0,8299,None,46.0,0.0
8300,Universidad de Oviedo,ACT_NAC,345667,facultad de economia y empresa,,1,Facultad de Economía y Empresa,facultad de economia y empresa,20101,,"724,0000",,,,universidad de oviedo,33,NIF MCIN,0.1764706,8300,None,33.0,0.1764706
8301,UNIVERSIDAD POLITECNICA DE MADRID,ACT_NAC,285081,escuela tecnica superior de ingenieros de montes,,1,ESCUELA TECNICA SUPERIOR DE INGENIEROS DE MONTES,escuela tecnica superior de ingenieros de montes,20101,,"724,0000",,,,universidad politecnica de madrid,28,NIF MCIN,0.47311828,8301,CENTRO DE BIOTECNOLOGIA Y GENOMICA DE PLANTAS,28.0,0.47311828
8302,UNIVERSIDAD POLITECNICA DE MADRID,ACT_NAC,285081,escuela tecnica superior de ingenieros de montes,,1,ESCUELA TECNICA SUPERIOR DE INGENIEROS DE MONTES,escuela tecnica superior de ingenieros de montes,20101,,"724,0000",,,,universidad politecnica de madrid,28,NIF MCIN,0.39344263,8302,Magerit en el Centro de Supercomputación y Visualización de Madrid (CesViMa),28.0,0.39344263
8303,UNIVERSITAT ROVIRA I VIRGILI,ACT_NAC,567342,escuela tecnica superior de ingenieria,,1,ESCUELA TECNICA SUPERIOR DE INGENIERIA,escuela tecnica superior de ingenieria,20101,,"724,0000",,,,universidad rovira i virgili,43,NIF MCIN,0.1904762,8303,None,43.0,0.1904762
8304,UNIVERSITAT ROVIRA I VIRGILI,ACT_NAC,567342,escuela tecnica superior de ingenieria,,1,ESCUELA TECNICA SUPERIOR DE INGENIERIA,escuela tecnica superior de ingenieria,20101,,"724,0000",,,,universidad rovira i virgili,43,NIF MCIN,0.1904762,8304,None,43.0,0.1904762
8305,UNIVERSITAT ROVIRA I VIRGILI,ACT_NAC,567342,escuela tecnica superior de ingenieria,,1,ESCUELA TECNICA SUPERIOR DE INGENIERIA,escuela tecnica superior de ingenieria,20101,,"724,0000",,,,universidad rovira i virgili,43,NIF MCIN,0.1904762,8305,None,43.0,0.1904762
8306,AGENCIA ESTATAL CONSEJO SUPERIOR DE INVESTIGACIONES CIENTIFICAS (CSIC),ACT_NAC,274677,instituto de productos naturales y agrobiologia ipna,,1,INSTITUTO DE PRODUCTOS NATURALES Y AGROBIOLOGIA (IPNA),instituto de productos naturales y agrobiologia ipna,20501,,"724,0000",,,,consejo superior de investigaciones cientificas csic,28,NIF MCIN,0.50666666,8306,CENTRO DE ASTROBIOLOGIA,28.0,0.50666666
8307,AGENCIA ESTATAL CONSEJO SUPERIOR DE INVESTIGACIONES CIENTIFICAS (CSIC),ACT_NAC,274677,instituto de productos naturales y agrobiologia ipna,,1,INSTITUTO DE PRODUCTOS NATURALES Y AGROBIOLOGIA (IPNA),instituto de productos naturales y agrobiologia ipna,20501,,"724,0000",,,,consejo superior de investigaciones cientificas csic,28,NIF MCIN,0.5319149,8307,INSTITUTO DE BIOLOGIA FUNCIONAL Y GENOMICA,37.0,0.5319149
8308,AGENCIA ESTATAL CONSEJO SUPERIOR DE INVESTIGACIONES CIENTIFICAS (CSIC),ACT_NAC,274677,instituto de productos naturales y agrobiologia ipna,,1,INSTITUTO DE PRODUCTOS NATURALES Y AGROBIOLOGIA (IPNA),instituto de productos naturales y agrobiologia ipna,20501,,"724,0000",,,,consejo superior de investigaciones cientificas csic,28,NIF MCIN,0.14285715,8308,None,2.0,0.14285715
8309,AGENCIA ESTATAL CONSEJO SUPERIOR DE INVESTIGACIONES CIENTIFICAS (CSIC),ACT_NAC,274677,instituto de productos naturales y agrobiologia ipna,,1,INSTITUTO DE PRODUCTOS NATURALES Y AGROBIOLOGIA (IPNA),instituto de productos naturales y agrobiologia ipna,20501,,"724,0000",,,,consejo superior de investigaciones cientificas csic,28,NIF MCIN,0.42222223,8309,Oficina de proyectos del IGME Zaragoza,50.0,0.42222223
8310,AGENCIA ESTATAL CONSEJO SUPERIOR DE INVESTIGACIONES CIENTIFICAS (CSIC),ACT_NAC,274677,instituto de productos naturales y agrobiologia ipna,,1,INSTITUTO DE PRODUCTOS NATURALES Y AGROBIOLOGIA (IPNA),instituto de productos naturales y agrobiologia ipna,20501,,"724,0000",,,,consejo superior de investigaciones cientificas csic,28,NIF MCIN,0.4864865,8310,INSTITUTO DE FILOSOFIA,28.0,0.4864865
8311,AGENCIA ESTATAL CONSEJO SUPERIOR DE INVESTIGACIONES CIENTIFICAS (CSIC),ACT_NAC,274677,instituto de productos naturales y agrobiologia ipna,,1,INSTITUTO DE PRODUCTOS NATURALES Y AGROBIOLOGIA (IPNA),instituto de productos naturales y agrobiologia ipna,20501,,"724,0000",,,,consejo superior de investigaciones cientificas csic,28,NIF MCIN,0.55172414,8311,INSTITUTO DE ANALISIS ECONOMICO (IAE),8.0,0.55172414
8312,AGENCIA ESTATAL CONSEJO SUPERIOR DE INVESTIGACIONES CIENTIFICAS (CSIC),ACT_NAC,274677,instituto de productos naturales y agrobiologia ipna,,1,INSTITUTO DE PRODUCTOS NATURALES Y AGROBIOLOGIA (IPNA),instituto de productos naturales y agrobiologia ipna,20501,,"724,0000",,,,consejo superior de investigaciones cientificas csic,28,NIF MCIN,0.49056605,8312,INSTITUTO DE DIAGNOSTICO AMBIENTAL Y ESTUDIOS DEL AGUA,8.0,0.49056605
8313,AGENCIA ESTATAL CONSEJO SUPERIOR DE INVESTIGACIONES CIENTIFICAS (CSIC),ACT_NAC,274677,instituto de productos naturales y agrobiologia ipna,,1,INSTITUTO DE PRODUCTOS NATURALES Y AGROBIOLOGIA (IPNA),instituto de productos naturales y agrobiologia ipna,20501,,"724,0000",,,,consejo superior de investigaciones cientificas csic,28,NIF MCIN,0.3220339,8313,CONSORCI CENTRE DE RECERCA ECOLOGICA I APLICACIONS FORESTALS CREAF,8.0,0.3220339
8314,UNIVERSIDAD DE CÓRDOBA,ACT_NAC,697535,facultad de filosofia y letras,,1,Facultad de Filosofía y Letras,facultad de filosofia y letras,20101,,"724,0000",,,,universidad de cordoba,14,NIF MCIN,0.11764706,8314,None,14.0,0.11764706
8315,UNIVERSIDAD DE CÓRDOBA,ACT_NAC,697535,facultad de filosofia y letras,,1,Facultad de Filosofía y Letras,facultad de filosofia y letras,20101,,"724,0000",,,,universidad de cordoba,14,NIF MCIN,0.33734939,8315,INSTITUTO ANDALUZ DE QUIMICA FINA Y NANOQUIMICA - IAQFN,14.0,0.33734939
8316,UNIVERSIDAD DE SEVILLA,ACT_NAC,460217,dpto de lenguajes y sistemas informaticos,,1,DPTO. DE LENGUAJES Y SISTEMAS INFORMATICOS,dpto de lenguajes y sistemas informaticos,20101,,"724,0000",,,,universidad de sevilla,41,NIF MCIN,0.3960396,8316,CENTRO ANDALUZ DE BIOLOGIA MOLECULAR Y MEDICINA REGENERATIVA,41.0,0.3960396
8317,Universidad de Zaragoza,ACT_NAC,345588,facultad de medicina,,1,Facultad de Medicina,facultad de medicina,20101,,"724,0000",,,,universidad de zaragoza,50,NIF MCIN,0.30508474,8317,IUI MIXTO AGROALIMENTARIO DE ARAGON IA2,50.0,0.30508474
8318,Universidad de Zaragoza,ACT_NAC,345588,facultad de medicina,,1,Facultad de Medicina,facultad de medicina,20101,,"724,0000",,,,universidad de zaragoza,50,NIF MCIN,0.25,8318,INSTITUTO DE CIENCIA DE MATERIALES DE ARAGON,50.0,0.25
8319,Universidad de Zaragoza,ACT_NAC,345588,facultad de medicina,,1,Facultad de Medicina,facultad de medicina,20101,,"724,0000",,,,universidad de zaragoza,50,NIF MCIN,0.31460676,8319,FUNDACION ARAGONESA PARA EL DESARROLLO DE LA OBSERVACION DE LA TIERRA,22.0,0.31460676
8320,Universidad de Zaragoza,ACT_NAC,345588,facultad de medicina,,1,Facultad de Medicina,facultad de medicina,20101,,"724,0000",,,,universidad de zaragoza,50,NIF MCIN,0.083333336,8320,None,50.0,0.083333336
8321,UNIVERSIDAD DE GRANADA,ACT_NAC,477063,instituto interuniversitario de investigacion del sistema tierra,,1,INSTITUTO INTERUNIVERSITARIO DE INVESTIGACION DEL SISTEMA TIERRA,instituto interuniversitario de investigacion del sistema tierra,20101,,"724,0000",,,,universidad de granada,18,NIF MCIN,0.11764706,8321,None,18.0,0.11764706
8322,AGENCIA ESTATAL CONSEJO SUPERIOR DE INVESTIGACIONES CIENTIFICAS (CSIC),ACT_NAC,445107,instituto de lengua literatura y antropologia illa,,1,"INSTITUTO DE LENGUA, LITERATURA Y ANTROPOLOGÍA (ILLA)",instituto de lengua literatura y antropologia illa,20501,,"724,0000",,,,consejo superior de investigaciones cientificas csic,28,NIF MCIN,0.46575344,8322,CENTRO DE ASTROBIOLOGIA,28.0,0.46575344
8323,AGENCIA ESTATAL CONSEJO SUPERIOR DE INVESTIGACIONES CIENTIFICAS (CSIC),ACT_NAC,445107,instituto de lengua literatura y antropologia illa,,1,"INSTITUTO DE LENGUA, LITERATURA Y ANTROPOLOGÍA (ILLA)",instituto de lengua literatura y antropologia illa,20501,,"724,0000",,,,consejo superior de investigaciones cientificas csic,28,NIF MCIN,0.5,8323,INSTITUTO DE BIOLOGIA FUNCIONAL Y GENOMICA,37.0,0.5
8324,AGENCIA ESTATAL CONSEJO SUPERIOR DE INVESTIGACIONES CIENTIFICAS (CSIC),ACT_NAC,445107,instituto de lengua literatura y antropologia illa,,1,"INSTITUTO DE LENGUA, LITERATURA Y ANTROPOLOGÍA (ILLA)",instituto de lengua literatura y antropologia illa,20501,,"724,0000",,,,consejo superior de investigaciones cientificas csic,28,NIF MCIN,0.14814815,8324,None,2.0,0.14814815
8325,AGENCIA ESTATAL CONSEJO SUPERIOR DE INVESTIGACIONES CIENTIFICAS (CSIC),ACT_NAC,445107,instituto de lengua literatura y antropologia illa,,1,"INSTITUTO DE LENGUA, LITERATURA Y ANTROPOLOGÍA (ILLA)",instituto de lengua literatura y antropologia illa,20501,,"724,0000",,,,consejo superior de investigaciones cientificas csic,28,NIF MCIN,0.29545453,8325,Oficina de proyectos del IGME Zaragoza,50.0,0.29545453
8326,AGENCIA ESTATAL CONSEJO SUPERIOR DE INVESTIGACIONES CIENTIFICAS (CSIC),ACT_NAC,445107,instituto de lengua literatura y antropologia illa,,1,"INSTITUTO DE LENGUA, LITERATURA Y ANTROPOLOGÍA (ILLA)",instituto de lengua literatura y antropologia illa,20501,,"724,0000",,,,consejo superior de investigaciones cientificas csic,28,NIF MCIN,0.44444445,8326,INSTITUTO DE FILOSOFIA,28.0,0.44444445
8327,AGENCIA ESTATAL CONSEJO SUPERIOR DE INVESTIGACIONES CIENTIFICAS (CSIC),ACT_NAC,445107,instituto de lengua literatura y antropologia illa,,1,"INSTITUTO DE LENGUA, LITERATURA Y ANTROPOLOGÍA (ILLA)",instituto de lengua literatura y antropologia illa,20501,,"724,0000",,,,consejo superior de investigaciones cientificas csic,28,NIF MCIN,0.44705883,8327,INSTITUTO DE ANALISIS ECONOMICO (IAE),8.0,0.44705883
8328,AGENCIA ESTATAL CONSEJO SUPERIOR DE INVESTIGACIONES CIENTIFICAS (CSIC),ACT_NAC,445107,instituto de lengua literatura y antropologia illa,,1,"INSTITUTO DE LENGUA, LITERATURA Y ANTROPOLOGÍA (ILLA)",instituto de lengua literatura y antropologia illa,20501,,"724,0000",,,,consejo superior de investigaciones cientificas csic,28,NIF MCIN,0.48076922,8328,INSTITUTO DE DIAGNOSTICO AMBIENTAL Y ESTUDIOS DEL AGUA,8.0,0.48076922
8329,AGENCIA ESTATAL CONSEJO SUPERIOR DE INVESTIGACIONES CIENTIFICAS (CSIC),ACT_NAC,445107,instituto de lengua literatura y antropologia illa,,1,"INSTITUTO DE LENGUA, LITERATURA Y ANTROPOLOGÍA (ILLA)",instituto de lengua literatura y antropologia illa,20501,,"724,0000",,,,consejo superior de investigaciones cientificas csic,28,NIF MCIN,0.36206895,8329,CONSORCI CENTRE DE RECERCA ECOLOGICA I APLICACIONS FORESTALS CREAF,8.0,0.36206895
8330,AGENCIA ESTATAL CONSEJO SUPERIOR DE INVESTIGACIONES CIENTIFICAS (CSIC),ACT_NAC,728056,instituto de microelectronica de barcelona centro nacional de microelectronica imb cnm,,1,INSTITUTO DE MICROELECTRONICA DE BARCELONA - CENTRO NACIONAL DE MICROELECTRONICA (IMB-CNM),instituto de microelectronica de barcelona centro nacional de microelectronica imb cnm,20501,,"724,0000",,,,consejo superior de investigaciones cientificas csic,28,NIF MCIN,0.25688073,8330,CENTRO DE ASTROBIOLOGIA,28.0,0.25688073
8331,AGENCIA ESTATAL CONSEJO SUPERIOR DE INVESTIGACIONES CIENTIFICAS (CSIC),ACT_NAC,728056,instituto de microelectronica de barcelona centro nacional de microelectronica imb cnm,,1,INSTITUTO DE MICROELECTRONICA DE BARCELONA - CENTRO NACIONAL DE MICROELECTRONICA (IMB-CNM),instituto de microelectronica de barcelona centro nacional de microelectronica imb cnm,20501,,"724,0000",,,,consejo superior de investigaciones cientificas csic,28,NIF MCIN,0.484375,8331,INSTITUTO DE BIOLOGIA FUNCIONAL Y GENOMICA,37.0,0.484375
8332,AGENCIA ESTATAL CONSEJO SUPERIOR DE INVESTIGACIONES CIENTIFICAS (CSIC),ACT_NAC,728056,instituto de microelectronica de barcelona centro nacional de microelectronica imb cnm,,1,INSTITUTO DE MICROELECTRONICA DE BARCELONA - CENTRO NACIONAL DE MICROELECTRONICA (IMB-CNM),instituto de microelectronica de barcelona centro nacional de microelectronica imb cnm,20501,,"724,0000",,,,consejo superior de investigaciones cientificas csic,28,NIF MCIN,0.08888889,8332,None,2.0,0.08888889
8333,AGENCIA ESTATAL CONSEJO SUPERIOR DE INVESTIGACIONES CIENTIFICAS (CSIC),ACT_NAC,728056,instituto de microelectronica de barcelona centro nacional de microelectronica imb cnm,,1,INSTITUTO DE MICROELECTRONICA DE BARCELONA - CENTRO NACIONAL DE MICROELECTRONICA (IMB-CNM),instituto de microelectronica de barcelona centro nacional de microelectronica imb cnm,20501,,"724,0000",,,,consejo superior de investigaciones cientificas csic,28,NIF MCIN,0.30645162,8333,Oficina de proyectos del IGME Zaragoza,50.0,0.30645162
8334,AGENCIA ESTATAL CONSEJO SUPERIOR DE INVESTIGACIONES CIENTIFICAS (CSIC),ACT_NAC,728056,instituto de microelectronica de barcelona centro nacional de microelectronica imb cnm,,1,INSTITUTO DE MICROELECTRONICA DE BARCELONA - CENTRO NACIONAL DE MICROELECTRONICA (IMB-CNM),instituto de microelectronica de barcelona centro nacional de microelectronica imb cnm,20501,,"724,0000",,,,consejo superior de investigaciones cientificas csic,28,NIF MCIN,0.35185185,8334,INSTITUTO DE FILOSOFIA,28.0,0.35185185
8335,AGENCIA ESTATAL CONSEJO SUPERIOR DE INVESTIGACIONES CIENTIFICAS (CSIC),ACT_NAC,728056,instituto de microelectronica de barcelona centro nacional de microelectronica imb cnm,,1,INSTITUTO DE MICROELECTRONICA DE BARCELONA - CENTRO NACIONAL DE MICROELECTRONICA (IMB-CNM),instituto de microelectronica de barcelona centro nacional de microelectronica imb cnm,20501,,"724,0000",,,,consejo superior de investigaciones cientificas csic,28,NIF MCIN,0.41322315,8335,INSTITUTO DE ANALISIS ECONOMICO (IAE),8.0,0.41322315
8336,AGENCIA ESTATAL CONSEJO SUPERIOR DE INVESTIGACIONES CIENTIFICAS (CSIC),ACT_NAC,728056,instituto de microelectronica de barcelona centro nacional de microelectronica imb cnm,,1,INSTITUTO DE MICROELECTRONICA DE BARCELONA - CENTRO NACIONAL DE MICROELECTRONICA (IMB-CNM),instituto de microelectronica de barcelona centro nacional de microelectronica imb cnm,20501,,"724,0000",,,,consejo superior de investigaciones cientificas csic,28,NIF MCIN,0.4,8336,INSTITUTO DE DIAGNOSTICO AMBIENTAL Y ESTUDIOS DEL AGUA,8.0,0.4
8337,AGENCIA ESTATAL CONSEJO SUPERIOR DE INVESTIGACIONES CIENTIFICAS (CSIC),ACT_NAC,728056,instituto de microelectronica de barcelona centro nacional de microelectronica imb cnm,,1,INSTITUTO DE MICROELECTRONICA DE BARCELONA - CENTRO NACIONAL DE MICROELECTRONICA (IMB-CNM),instituto de microelectronica de barcelona centro nacional de microelectronica imb cnm,20501,,"724,0000",,,,consejo superior de investigaciones cientificas csic,28,NIF MCIN,0.35526314,8337,CONSORCI CENTRE DE RECERCA ECOLOGICA I APLICACIONS FORESTALS CREAF,8.0,0.35526314
8338,UNIVERSIDAD DE ALCALA,ACT_NAC,93310,77,,1,77,77,20101,,"724,0000",,,,universidad de alcala,28,NIF MCIN,0.0,8338,None,28.0,0.0
8339,UNIVERSIDAD DEL PAIS VASCO EUSKAL HERRIKO UNIBERTSITATEA,ACT_NAC,435062,facultad de medicina y odontologia,,1,FACULTAD DE MEDICINA Y ODONTOLOGIA,facultad de medicina y odontologia,20101,,"724,0000",,,,universidad del pais vasco euskal herriko unibertsitatea,48,NIF MCIN,0.15789473,8339,None,48.0,0.15789473
8340,UNIVERSIDAD DEL PAIS VASCO EUSKAL HERRIKO UNIBERTSITATEA,ACT_NAC,435062,facultad de medicina y odontologia,,1,FACULTAD DE MEDICINA Y ODONTOLOGIA,facultad de medicina y odontologia,20101,,"724,0000",,,,universidad del pais vasco euskal herriko unibertsitatea,48,NIF MCIN,0.15789473,8340,None,48.0,0.15789473
8341,UNIVERSIDAD DEL PAIS VASCO EUSKAL HERRIKO UNIBERTSITATEA,ACT_NAC,435062,facultad de medicina y odontologia,,1,FACULTAD DE MEDICINA Y ODONTOLOGIA,facultad de medicina y odontologia,20101,,"724,0000",,,,universidad del pais vasco euskal herriko unibertsitatea,48,NIF MCIN,0.28037384,8341,BASQUE CENTER FOR MACROMOLECULAR DESIGN AND ENGINEERING POLYMAT FUNDAZIOA,20.0,0.28037384
8342,UNIVERSIDAD DE SALAMANCA,ACT_NAC,621237,universidad de salamanca,,1,UNIVERSIDAD DE SALAMANCA,universidad de salamanca,20101,,"724,0000",,,,universidad de salamanca,37,NIF MCIN,0.14285715,8342,None,37.0,0.14285715
8343,UNIVERSIDAD DE CÓRDOBA,ACT_NAC,340759,77,,1,77,77,20101,,"724,0000",,,,universidad de cordoba,14,NIF MCIN,0.0,8343,None,14.0,0.0
8344,UNIVERSIDAD DE CÓRDOBA,ACT_NAC,340759,77,,1,77,77,20101,,"724,0000",,,,universidad de cordoba,14,NIF MCIN,0.0,8344,INSTITUTO ANDALUZ DE QUIMICA FINA Y NANOQUIMICA - IAQFN,14.0,0.0
8345,UNIVERSIDAD DE MÁLAGA,ACT_NAC,141443,escuela tecnica superior de ingenieria informatica,,1,ESCUELA TECNICA SUPERIOR DE INGENIERIA INFORMATICA,escuela tecnica superior de ingenieria informatica,20101,,"724,0000",,,,universidad de malaga,29,NIF MCIN,0.34,8345,FUNDACION GENERAL DE LA UNIVERSIDAD DE MALAGA FGUM,29.0,0.34
